"","Player","Contrib","Yr","Tm","W","sumContrib","playoffSc","playoffShare","x3PAVG","x2PAVG","xFTAVG","PTS","TRB","AST","STL","BLK","PER","WS","OWS","DWS","orig.PTS","orig.TRB","orig.AST","orig.BLK","orig.STL","orig.adj.PER","orig.WS.G","orig.OWS.G","orig.DWS.G","orig.x3PAVG","orig.x2PAVG","orig.xFTAVG"
"1","Mike Bibby",0.556753711567104,2008,"ATL",0.1875,13.6012352922829,0.0045287527664711,0.00767513528554731,-0.696895892515256,-1.01378493360583,-0.634384971136074,0.977110127087856,0.671825572450119,1.23962253837075,0.793685128092442,0.394212315602753,0.385610062059721,-0.44639311179038,-0.298838761656244,-0.544214757515969,10.2857142857143,3.14285714285714,3.14285714285714,0.285714285714286,0.571428571428571,9.58297009630005,-0.0285714285714286,-0.0142857142857143,-0.0142857142857143,-1.38444282399735,-4.34177982006385,-2.52308522468325
"2","Josh Childress",1.84313827233956,2008,"ATL",0.1875,13.6012352922829,0.014992477600826,0.0254086058094846,-0.3520464954586,0.729466515766808,-0.708575518482188,0.678548699366567,1.2215010408184,0.619811269185375,0.198421282023111,0.985530789006882,0.546947930923129,0.66958966768557,0.896516284968731,0,7.14285714285714,5.71428571428571,1.57142857142857,0.714285714285714,0.142857142857143,13.592450462192,0.0428571428571429,0.0428571428571429,0,-0.699370235333112,3.1241172487182,-2.81815695925622
"3","Al Horford",3.17907335417259,2008,"ATL",0.1875,13.6012352922829,0.025859256882185,0.0438251556640273,0,0.0017304443809951,0.0417746726619699,1.19424571088516,2.22923939949358,1.40866197542131,0.595263846069332,1.37974310460963,0.809690887840398,0.89278622358076,0.896516284968731,0.544214757515969,12.5714285714286,10.4285714285714,3.57142857142857,1,0.428571428571429,20.1219945454107,0.0571428571428571,0.0428571428571429,0.0142857142857143,0,0.00741104769275314,0.166146841673504
"4","Joe Johnson",2.52939292007549,2008,"ATL",0.1875,13.6012352922829,0.0205746184467127,0.0348689778775639,1.70913201082044,-1.47379125295577,1.44499827485253,1.89993635822639,0.824513202552419,1.57770141247186,0.396842564046221,0,0.852399124770802,0.66958966768557,1.49419380828122,-1.08842951503194,20,3.85714285714286,4,0,0.285714285714286,21.1833562619168,0.0428571428571429,0.0714285714285714,-0.0285714285714286,3.39533576400398,-6.31186843378156,5.7470683620454
"5","Solomon Jones",0,2008,"ATL",0.1875,13.6012352922829,0,0,0,-0.634866721129061,-0.369528160295194,0.0542838959493253,0.24430020816368,0.0563464790168522,0.198421282023111,0.591318473404129,0.0392554809819649,-0.22319655589519,-0.298838761656244,0,0.571428571428571,1.14285714285714,0.142857142857143,0.428571428571429,0.142857142857143,0.975555716457896,-0.0142857142857143,-0.0142857142857143,0,0,-2.71897068782045,-1.4696928265427
"6","Acie Law",0.645033874030623,2008,"ATL",0.1875,13.6012352922829,0.00524684233044699,0.00889212257429023,0,0.519485691757139,0.415249363457493,0.284990453733958,0.0610750520409199,0.450771832134818,0.396842564046221,0,0.151980115525878,0,0.298838761656244,0,3,0.285714285714286,1.14285714285714,0,0.285714285714286,3.77692660439746,0,0.0142857142857143,0,0,2.22482344974364,1.65153586728648
"7","Zaza Pachulia",0,2008,"ATL",0.1875,13.6012352922829,0,0,-0.1760232477293,-1.00812263443653,-0.110070668320387,0.393558245632609,0.6107505204092,0.112692958033704,0.396842564046221,0,0.0597366014942944,-0.44639311179038,-0.597677523312488,0,4.14285714285714,2.85714285714286,0.285714285714286,0,0.285714285714286,1.48454130765332,-0.0285714285714286,-0.0285714285714286,0,-0.349685117666556,-4.31752965076908,-0.437774678698386
"8","Jeremy Richardson",0,2008,"ATL",0.1875,13.6012352922829,0,0,0,-0.207247639876152,0,0.0633312119408796,0,0,0,0,-0.0104759754344674,0,0,0,0.666666666666667,0,0,0,0,-0.260343204691912,0,0,0,0,-0.88758827512818,0
"9","Josh Smith",3.30515915238865,2008,"ATL",0.1875,13.6012352922829,0.0268848655052087,0.0455633130194055,-1.65526889701528,-0.243487628539705,1.17437910274994,1.49280713860645,1.3741886709207,1.12692958033704,2.38105538427733,3.94212315602753,0.78575701137963,0.22319655589519,-0.597677523312488,1.63264427254791,15.7142857142857,6.42857142857143,2.85714285714286,2.85714285714286,1.71428571428571,19.527202954167,0.0142857142857143,-0.0285714285714286,0.0428571428571429,-3.28833211799801,-1.04279481474315,4.67075781606052
"10","Salim Stoudamire",0.346534772122472,2008,"ATL",0.1875,13.6012352922829,0.0028187873296987,0.00477715945476138,-0.0503933702413946,0.136666818932464,0.133336320801131,0.379987271645277,0.0712542273810733,0,0.462982991387258,0,0.0450427707819047,0,0,0,4,0.333333333333333,0,0,0.333333333333333,1.11937827335699,0,0,0,-0.100110705999337,0.585308793653865,0.530307173457297
"11","Mario West",0.00862039532415398,2008,"ATL",0.1875,13.6012352922829,7.012012378409e-05,0.0001188365680429,0,-0.0972954144306513,-0.184764080147597,0.0316656059704398,0.0712542273810733,0,0,0,0.00859265400804629,0,0,0,0.333333333333333,0.333333333333333,0,0,0,0.21353993193831,0,0,0,0,-0.416691206346135,-0.734846413271352
"12","Marvin Williams",1.27030989234775,2008,"ATL",0.1875,13.6012352922829,0.0103329700722652,0.0175118729804155,0,-0.784084027954751,1.3953305411899,1.08567791898651,0.855050728572879,0.281732395084261,0.396842564046221,0.591318473404129,0.448956362954656,0.22319655589519,0.597677523312488,-0.544214757515969,11.4285714285714,4,0.714285714285714,0.428571428571429,0.285714285714286,11.1572176767311,0.0142857142857143,0.0285714285714286,-0.0142857142857143,0,-3.35802998935862,5.54952912223134
"13","Ray Allen",5.49692245221841,2008,"BOS",1,33.7825194424584,0.23847004275305,0.162714994113488,3.24062102633911,-0.758928614368614,4.12100710350454,1.47975812515709,0.805720878847521,1.07708461812983,1.2821067453801,0.424536339879888,2.8850718638934,1.86283279343293,1.60913179353362,1.61171293572037,15.5769230769231,3.76923076923077,2.73076923076923,0.307692307692308,0.923076923076923,71.6982260516979,0.119230769230769,0.0769230769230769,0.0423076923076923,6.43776864434869,-3.25029583051175,16.3901299790356
"14","Tony Allen",0.36672894078228,2008,"BOS",1,33.7825194424584,0.0159096052286197,0.0108555829119532,-0.1760232477293,0.448671375570573,-0.42095591964166,0.126662423881759,0.042752536428644,0.0788850706235931,0.185193196554903,0,0.137717879307043,0.104158392751089,0.139458088772914,0.253966886840785,1.33333333333333,0.2,0.2,0,0.133333333333333,3.42248932010716,0.00666666666666667,0.00666666666666667,0.00666666666666667,-0.349685117666556,1.92154396826932,-1.67423206635676
"15","P.J. Brown",1.26684737247756,2008,"BOS",1,33.7825194424584,0.0549589610736442,0.0375000856474122,-0.1760232477293,0.0141641055937372,0.660975047821489,0.277390708301053,0.504479929857999,0.189324169496624,0.277789794832355,0.551897241843854,0.548556601308197,0.437465249554572,0.251024559791245,0.761900660522356,2.92,2.36,0.48,0.4,0.2,13.632428257669,0.028,0.012,0.02,-0.349685117666556,0.0606612169875198,2.62883966821621
"16","Sam Cassell",0,2008,"BOS",1,33.7825194424584,0,0,-1.91241934088619,-1.91663559289518,0.381073463089512,0.425223851603049,0.1526876301023,0.469553991807102,0.529123418728295,0.0657020526004588,0.321106303204798,-0.0743988519650633,-0.398451682208325,0.544214757515969,4.47619047619048,0.714285714285714,1.19047619047619,0.0476190476190476,0.380952380952381,7.97995800448918,-0.00476190476190476,-0.019047619047619,0.0142857142857143,-3.79918329466357,-8.20845670890974,1.51561097438702
"17","Glen Davis",0.517288011010968,2008,"BOS",1,33.7825194424584,0.0224412287372986,0.0153122981810774,-0.1760232477293,-0.36906334437645,-0.560501661108054,0.217933876384791,0.314356885504735,0.162410439519162,0.408514404165228,0.324645436378738,0.22576315599223,0.0919044641921371,-0.12305125479963,0.448176859130798,2.29411764705882,1.47058823529412,0.411764705882353,0.235294117647059,0.294117647058824,5.61054232133806,0.00588235294117647,-0.00588235294117647,0.0117647058823529,-0.349685117666556,-1.58060326980749,-2.22923543888433
"18","Kevin Garnett",7.50253488749027,2008,"BOS",1,33.7825194424584,0.325478452884852,0.222083344028538,-0.401433112830991,2.82161732262992,2.19194002478411,1.93647359588459,2.2527298041247,1.31980791235627,1.86973900367931,1.53894423206459,4.45346663554015,2.46374659776614,1.6895883832103,2.93038715585522,20.3846153846154,10.5384615384615,3.34615384615385,1.11538461538462,1.34615384615385,110.675114039534,0.157692307692308,0.0807692307692308,0.0769230769230769,-0.79748094133245,12.0842604237206,8.71781606052321
"19","Eddie House",0.579910884182572,2008,"BOS",1,33.7825194424584,0.0251579633051156,0.0171660046009988,0.0829369820829561,-1.35367155994529,0.281913042656362,0.23523021578041,0.223941857483373,0.338078874101113,0.330702136705184,0.0657020526004588,0.343117622376095,0.22319655589519,0.0996129205520813,0.362809838343979,2.47619047619048,1.04761904761905,0.857142857142857,0.0476190476190476,0.238095238095238,8.5269712547969,0.0142857142857143,0.00476190476190476,0.00952380952380952,0.164761352336758,-5.79742671955113,1.12122869382919
"20","Kendrick Perkins",3.61114697889709,2008,"BOS",1,33.7825194424584,0.156660455360363,0.10689395102837,-0.1760232477293,2.89552962397278,-0.843288242300622,0.623179125498255,1.30822761471651,0.205101183621342,0.833369384497064,1.76607117390033,1.6216378378062,1.18740567736241,0.585723972846238,1.82856158525366,6.56,6.12,0.52,1.28,0.6,40.3000555113074,0.076,0.028,0.048,-0.349685117666556,12.4008077778853,-3.35393838300975
"21","Paul Pierce",5.63325485776403,2008,"BOS",1,33.7825194424584,0.244384478487171,0.166750584347598,0.677781769972016,0.357676357157052,2.98857008864921,1.86705284433401,1.06059176909521,1.80525450080915,1.49579120294345,0.424536339879888,3.37938488453437,1.80274141299961,1.2873054348269,1.90475165130589,19.6538461538462,4.96153846153846,4.57692307692308,0.307692307692308,1.07692307692308,83.9826225472449,0.115384615384615,0.0615384615384615,0.05,1.34647099767981,1.53183573570668,11.8861848509708
"22","James Posey",3.78424941332653,2008,"BOS",1,33.7825194424584,0.164170065564593,0.112017974851527,2.14021044180929,0.55085984466088,1.40956521328181,0.635747935252676,0.764612670743056,0.424765764896271,1.38894897416177,0.424536339879888,1.59623261648104,1.32201036953305,0.965479076120172,1.46519357792761,6.69230769230769,3.57692307692308,1.07692307692308,0.307692307692308,1,39.668698863225,0.0846153846153846,0.0461538461538461,0.0384615384615385,4.25170964534306,2.3591908677566,5.60614346914593
"23","Leon Powe",1.28799910859191,2008,"BOS",1,33.7825194424584,0.0558765755132393,0.0381262004684331,0,0.359702685661726,-1.12587919633019,0.479114385987524,0.576229838820853,0.0685957135857332,0,0.179966491905605,0.773338860724166,0.611364479191173,0.545705564763576,0.496891735123276,5.04347826086957,2.69565217391304,0.173913043478261,0.130434782608696,0,19.2185938744479,0.0391304347826087,0.0260869565217391,0.0130434782608696,0,1.54051397891071,-4.47786327590921
"24","Rajon Rondo",3.78509276234544,2008,"BOS",1,33.7825194424584,0.164206652123407,0.112042938916754,-1.00358278207748,-2.94460563921247,-0.749659331159533,0.971890521708113,0.879715653435558,2.60927541293423,2.40395014758769,0.424536339879888,2.57579517339831,1.26191898909973,0.563196127736767,1.90475165130589,10.2307692307692,4.11538461538461,6.61538461538461,0.307692307692308,1.73076923076923,64.0122511041923,0.0807692307692308,0.0269230769230769,0.05,-1.99370235333112,-12.610987714037,-2.98155610245192
"25","Devin Brown",0.217033237497959,2008,"CLE",0.4375,25.741153071033,0.00411925355874116,0.00368872525420039,-0.476519791758582,-0.940343756407374,-0.255881635529588,0.391861873884192,0.507686370090147,0.443728522257711,0.347237243540443,0,0.131754028123376,-0.195296986408291,-0.522967832898427,0.476187912826473,4.125,2.375,1.125,0,0.25,3.27427895638742,-0.0125,-0.025,0.0125,-0.946647000331456,-4.02725016929477,-1.01769619907027
"26","Daniel Gibson",2.69522208225616,2008,"CLE",0.4375,25.741153071033,0.0511548520490363,0.0458083465699135,2.16312182794975,-0.234497982629882,-0.0733804455469248,0.854971361201874,0.369226450974652,0.968134957653188,0.883876619921129,0.250862382656297,0.685293584038979,0.994239203533119,0.57051036316192,1.03895544616685,9,1.72727272727273,2.45454545454545,0.181818181818182,0.636363636363636,17.030540873217,0.0636363636363636,0.0272727272727273,0.0272727272727273,4.29722505800464,-1.00429447615362,-0.291849785798924
"27","Zydrunas Ilgauskas",3.80645899362017,2008,"CLE",0.4375,25.741153071033,0.0722459377026048,0.064695074269336,0,0.23219009098286,0.919929675315199,1.24226608037879,1.61144175769504,0.637148647344406,0.534211143908375,1.48587718957961,1.32609369937876,1.44219313039969,0.80456589676681,2.05127100909865,13.0769230769231,7.53846153846154,1.61538461538462,1.07692307692308,0.384615384615385,32.9553544276301,0.0923076923076923,0.0384615384615385,0.0538461538461538,0,0.994410370513688,3.65875781606052
"28","LeBron James",6.49077390866433,2008,"CLE",0.4375,25.741153071033,0.123193773591942,0.11031804120058,-3.26588528436534,-0.42587176341284,-0.161507755250655,2.67452579658022,1.67721489066219,3.0037007660522,2.45737126197852,1.80427944448952,2.63147086306689,2.6440207390661,1.60913179353362,3.51646458702626,28.1538461538462,7.84615384615385,7.61538461538461,1.30769230769231,1.76923076923077,65.3958728549707,0.169230769230769,0.0769230769230769,0.0923076923076923,-6.48795823665893,-1.82389910031923,-0.642351016315736
"29","Damon Jones",0,2008,"CLE",0.4375,25.741153071033,0,0,-0.224403112232688,-0.330557162065135,0,0.113996181493583,0,0.0788850706235931,0,0,-0.0168321852486386,-0.312475178253266,-0.418374266318741,0,1.2,0,0.2,0,0,-0.41830425023532,-0.02,-0.02,0,-0.445795823665893,-1.41569120634614,0
"30","Dwayne Jones",0.164862886669791,2008,"CLE",0.4375,25.741153071033,0.00312906926352819,0.00280203115684046,0,0.0131238015006043,-0.118095919747031,0.0569980907467916,0.256515218571864,0,0,0.275948620921927,0.0258956696132902,0,0,0,0.6,1.2,0,0.2,0,0.64354500036203,0,0,0,0,0.0562058624359099,-0.469692826542703
"31","Sasha Pavlovic",0.806602192650543,2008,"CLE",0.4375,25.741153071033,0.0153091710323651,0.0137091162276536,0.427283002705111,-0.471952299195388,-0.102352654211835,0.332488862689618,0.267203352679025,0.0493031691397457,0.347237243540443,0,0.124122652760066,0.390593972816583,0.261483916449213,0.476187912826473,3.5,1.25,0.125,0,0.25,3.08462819491709,0.025,0.0125,0.0125,0.848833941000994,-2.02125016929477,-0.40707847962811
"32","Joe Smith",2.15319445262394,2008,"CLE",0.4375,25.741153071033,0.0408672607656065,0.0365959741750283,-0.1760232477293,0.359702685661726,-0.546769853497243,0.628440487721036,0.986596994507168,0.18204247066983,0.534211143908375,0.742938594789803,0.650099014882735,0.841279326066485,0.482739538060086,1.46519357792761,6.61538461538461,4.61538461538461,0.461538461538462,0.538461538461538,0.384615384615385,16.1559047136341,0.0538461538461538,0.0230769230769231,0.0384615384615385,-0.349685117666556,1.54051397891071,-2.17462109196974
"33","Wally Szczerbiak",1.62476257854417,2008,"CLE",0.4375,25.741153071033,0.0308377145866446,0.0276146770174405,-0.832824881885468,-0.631024474121399,1.36686119700609,1.02304265442959,0.378195514561081,0.576467823787796,0.21368445756335,0.106134084969972,0.675013787919764,0.841279326066485,0.482739538060086,0.879116146756565,10.7692307692308,1.76923076923077,1.46153846153846,0.0769230769230769,0.153846153846154,16.7750730094369,0.0538461538461538,0.0230769230769231,0.0230769230769231,-1.65447729532648,-2.70251533326884,5.43630042840215
"34","Billy Thomas",0.493353800412175,2008,"CLE",0.4375,25.741153071033,0.00936377036759376,0.00838510563550544,0.151329939043104,0,0,0.0949968179113194,0.0712542273810733,0.131475117705989,0.462982991387258,0,0.0420608451900713,0.520791963755443,0,0,1,0.333333333333333,0.333333333333333,0,0.333333333333333,1.04527309149712,0.0333333333333333,0,0,0.300629764666888,0,0
"35","Anderson Varejao",1.36471986322715,2008,"CLE",0.4375,25.741153071033,0.0259021485284532,0.0231949570601702,0,-0.81827046921379,-1.61489262800114,0.387294719176917,1.10169997719967,0.273063706004745,0.854737830253399,0.106134084969972,0.423747320944748,0.360548282599922,-0.160913179353362,1.46519357792761,4.07692307692308,5.15384615384615,0.692307692307692,0.0769230769230769,0.615384615384615,10.5307363695605,0.0230769230769231,-0.00769230769230769,0.0384615384615385,0,-3.50444171423044,-6.42277467869839
"36","Ben Wallace",2.65088369314383,2008,"CLE",0.4375,25.741153071033,0.0503133170415629,0.0450547655169158,0,0.332122869984265,-1.9352559191148,0.299605348797238,1.38123579231004,0.455106176674576,0.854737830253399,1.48587718957961,0.745481397958354,1.08164484779977,0.482739538060086,1.75823229351313,3.15384615384615,6.46153846153846,1.15384615384615,1.07692307692308,0.615384615384615,18.5262954649675,0.0692307692307692,0.0230769230769231,0.0461538461538461,0,1.42239673019251,-7.69692826542703
"37","Delonte West",3.58758281090192,2008,"CLE",0.4375,25.741153071033,0.068091705360223,0.0609750260774392,1.67686019222111,-1.4273565778274,1.22832118450189,1.03035010196123,0.707061179396804,1.63838223602847,1.60263343172512,0.636804509819831,1.02199614280633,1.08164484779977,0.321826358706724,2.05127100909865,10.8461538461538,3.30769230769231,4.15384615384615,0.461538461538462,1.15384615384615,25.3980884801969,0.0692307692307692,0.0153846153846154,0.0538461538461538,3.33122505800464,-6.11300067717906,4.88529705587458
"38","Malik Allen",0,2008,"DAL",0.0625,15.8025697850951,0,0,0,-0.110185720688378,0,0,0,0,0,0,-0.0229529798845072,0,0,0,0,0,0,0,0,-0.570414886684527,0,0,0,0,-0.471897068782045,0
"39","J.J. Barea",1.91304451871319,2008,"DAL",0.0625,15.8025697850951,0.00518703661152603,0.00756619233742272,0.654706373544809,0.0131238015006043,0,0.759974543290555,0,0.394425353117966,0,0,0.0703302845179131,1.56237589126633,2.09187133159371,0,8,0,1,0,0,1.74780971689233,0.1,0.1,0,1.30062976466689,0.0562058624359099,0
"40","Brandon Bass",3.15257207505205,2008,"DAL",0.0625,15.8025697850951,0.00854789661913833,0.0124685894364217,-0.1760232477293,0.115253857250668,1.41527176946598,1.1019630877713,1.45358623857389,0.157770141247186,0.833369384497064,0.827845862765781,0.576629861320787,1.56237589126633,2.51024559791245,0,11.6,6.8,0.4,0.6,0.6,14.3300895421524,0.1,0.12,0,-0.349685117666556,0.493602592628422,5.62883966821621
"41","Erick Dampier",0.625836725859491,2008,"DAL",0.0625,15.8025697850951,0.00169689621862765,0.00247521737908167,0,-0.237756570589395,-0.841911839283319,0.34198854448075,0.897803265001523,0,0.277789794832355,0.827845862765781,0.128595541147816,0,0,0,3.6,4.2,0,0.6,0.2,3.1957859677069,0,0,0,0,-1.01825016929477,-3.34846413271352
"42","Devean George",0.709876359929301,2008,"DAL",0.0625,15.8025697850951,0.00192476162085706,0.0028075985804175,-0.100786740482789,-0.126636868929507,-0.169523679093497,0.550981543885652,0.641288046429659,0,0.55557958966471,0.551897241843854,0.165418398620654,0,0,0,5.8,3,0,0.4,0.4,4.11088745685806,0,0,0,-0.200221411998674,-0.542353100512721,-0.674232066356759
"43","Josh Howard",0,2008,"DAL",0.0625,15.8025697850951,0,0,-1.2568560427913,-2.15553894881742,0.409542807273327,1.19695990568262,1.49633877500254,0.552195494365152,0.55557958966471,0.551897241843854,0.25830930439257,-1.24990071301306,-1.25512279895622,-0.761900660522356,12.6,7,1.4,0.4,0.4,6.41936137861125,-0.08,-0.06,-0.02,-2.49685117666556,-9.23161826448679,1.62883966821621
"44","Juwan Howard",0,2008,"DAL",0.0625,15.8025697850951,0,0,0,-0.220371441376756,-0.487624080042225,0.0316656059704398,0,0.131475117705989,0,0,-0.0196375494567451,-0.520791963755443,-0.697290443864569,0,0.333333333333333,0,0.333333333333333,0,0,-0.48802162527454,-0.0333333333333333,-0.0333333333333333,0,0,-0.94379413756409,-1.93938565308541
"45","Eddie Jones",0.290859900703049,2008,"DAL",0.0625,15.8025697850951,0.000788638706006889,0.00115036630378223,-0.200716556415496,0.0131238015006043,0.0666681604005656,0.189993635822639,0.21376268214322,0.131475117705989,0.462982991387258,0,0.0284852365746192,0,0,0,2,1,0.333333333333333,0,0.333333333333333,0.707899500398233,0,0,0,-0.398740470666225,0.0562058624359099,0.265153586728648
"46","Jason Kidd",3.13807075276396,2008,"DAL",0.0625,15.8025697850951,0.00850857767549219,0.0124112359391532,0.734976645136336,-0.419690588435848,-0.220951438439963,0.816972634037346,1.36808116571661,2.68209240120217,1.94452856382648,0.551897241843854,0.540277834204554,0.937425534759798,0.836748532637483,0,8.6,6.4,6.8,0.4,1.4,13.4266888711896,0.06,0.04,0,1.46009347033477,-1.79742671955113,-0.878771306170814
"47","Tyronn Lue",0.0723340531626093,2008,"DAL",0.0625,15.8025697850951,0.000196126843021355,0.00028608500921965,0,-0.110185720688378,0,0,0.10688134107161,0.197212676558983,0,0,0.0072193988012809,0,0,0,0,0.5,0.5,0,0,0.179412545555475,0,0,0,0,-0.471897068782045,0
"48","Dirk Nowitzki",5.50944706901679,2008,"DAL",0.0625,15.8025697850951,0.0149383369684871,0.0217901547973754,-0.151180110724184,0.598334823882388,0.956444851196556,2.54591472002336,2.56515218571864,1.57770141247186,0.277789794832355,1.93164034645349,1.08865787412902,2.81227660427939,3.34699413054993,0,26.8,12,4,1.4,0.2,27.054729322038,0.18,0.16,0,-0.300332117998011,2.56251397891071,3.80398650988971
"49","Jerry Stackhouse",0,2008,"DAL",0.0625,15.8025697850951,0,0,-1.10351259801018,-0.527541356695453,0.333340802002828,0.58898027105018,0.684040582858303,0.473310423741559,0.277789794832355,0,0.0820421896384693,-0.937425534759798,-0.836748532637483,-0.761900660522356,6.2,3.2,1.2,0,0.2,2.0388675693288,-0.06,-0.04,-0.02,-2.19222141199867,-2.25932378833317,1.32576793364324
"50","Jason Terry",3.05497918358497,2008,"DAL",0.0625,15.8025697850951,0.00828328286022543,0.0120826043846458,1.42258017863829,-0.280455321831733,0.498415086114899,1.50094972299885,0.342020291429152,1.89324169496624,0.55557958966471,0.275948620921927,0.57559011094995,1.24990071301306,2.51024559791245,-0.761900660522356,15.8,1.6,4.8,0.2,0.4,14.3042502353197,0.08,0.12,-0.02,2.8260762346702,-1.20111792589726,1.98230380092972
"51","Antoine Wright",0,2008,"DAL",0.0625,15.8025697850951,0,0,0,0,0,0,0.21376268214322,0,0,0,-0.0195002239360685,-1.56237589126633,-2.09187133159371,0,0,1,0,0,0,-0.484608886636256,-0.1,-0.1,0,0,0,0
"52","Carmelo Anthony",1.30661480376191,2008,"DEN",0,15.1029773127383,0,0,-0.401433112830991,-1.81000036874944,0.679232635762167,2.13742840300469,2.03074548036059,0.788850706235931,0.694474487080887,0.344935776152409,0.426768482399632,-0.390593972816583,0,-0.952375825652946,22.5,9.5,2,0.25,0.5,10.6058166196027,-0.025,0,-0.025,-0.79748094133245,-7.75176550256361,2.7014540151308
"53","Chucky Atkins",0.0255679119189608,2008,"DEN",0,15.1029773127383,0,0,-0.1760232477293,0,0,0,0.21376268214322,0,0,0,-0.00459059597690144,0,0,0,0,1,0,0,0,-0.114082977336905,0,0,0,-0.349685117666556,0,0
"54","Marcus Camby",2.21048441462395,2008,"DEN",0,15.1029773127383,0,0,0.327353186772404,-1.26973344225812,-0.606222864270353,0.308739658211788,2.83235553839766,1.1832760593539,1.38894897416177,4.1392293138289,0.245694974421853,-0.390593972816583,-1.56890349869528,0.952375825652946,3.25,13.25,3,3,1,6.10587695798035,-0.025,-0.075,0.025,0.650314882333444,-5.4379413756409,-2.41107847962811
"55","Anthony Carter",0.277044646982055,2008,"DEN",0,15.1029773127383,0,0,-0.8801162386465,-0.0586244956574705,0,0.189993635822639,0.53440670535805,1.38048873591288,0.347237243540443,0.344935776152409,0.0873586490818039,-0.390593972816583,-0.522967832898427,0,2,2.5,3.5,0.25,0.25,2.17098930803949,-0.025,-0.025,0,-1.74842558833278,-0.251073619038406,0
"56","Yakhouba Diawara",0.0150920798425453,2008,"DEN",0,15.1029773127383,0,0,-0.3520464954586,0.136666818932464,0,0.126662423881759,0.0712542273810733,0,0,0,0.0138110237937548,0,0,0,1.33333333333333,0.333333333333333,0,0,0,0.343224000193083,0,0,0,-0.699370235333112,0.585308793653865,0
"57","Nene",1.26555320261594,2008,"DEN",0,15.1029773127383,0,0,0,0.176738709162909,0.200004481201697,0.411652877615717,0.498779591667513,0.131475117705989,0.925965982774516,0.459914368203212,0.100639988724378,0.520791963755443,0.697290443864569,0,4.33333333333333,2.33333333333333,0.333333333333333,0.333333333333333,0.666666666666667,2.50104988777062,0.0333333333333333,0.0333333333333333,0,0,0.756926380961595,0.795460760185945
"58","Steven Hunter",0.0502383699884013,2008,"DEN",0,15.1029773127383,0,0,0,-0.110185720688378,0,0,0.21376268214322,0,0,0,-0.00186370349489588,0,0,0,0,1,0,0,0,-0.0463157386624188,0,0,0,0,-0.471897068782045,0
"59","Allen Iverson",2.57310163629983,2008,"DEN",0,15.1029773127383,0,0,-0.956209670443094,0.0983253730830144,-0.314021680022414,2.32742203882732,0.641288046429659,1.77491408903085,1.38894897416177,0.344935776152409,0.579631404844145,0.781187945633165,1.56890349869528,-0.952375825652946,24.5,3,4.5,0.25,1,14.4046822581034,0.05,0.075,-0.025,-1.89959164733179,0.421102254038889,-1.24893163795461
"60","Linas Kleiza",1.78546402651547,2008,"DEN",0,15.1029773127383,0,0,-0.956209670443094,1.46326311802666,-0.14004860594749,1.32995545075847,1.38945743393093,0.295819014838474,0.347237243540443,0,0.36858169749583,0.781187945633165,1.56890349869528,-0.952375825652946,14,6.5,0.75,0,0.25,9.1597905051529,0.05,0.075,-0.025,-1.89959164733179,6.26677914288478,-0.557003372527573
"61","Kenyon Martin",1.13609628538079,2008,"DEN",0,15.1029773127383,0,0,0,-0.245286831701713,-0.220951438439963,0.831222156724044,1.33601676339512,0.493031691397457,1.38894897416177,0.689871552304817,0.201397685037907,-0.390593972816583,-0.522967832898427,0,8.75,6.25,1.25,0.5,1,5.00502498008833,-0.025,-0.025,0,0,-1.05050033858953,-0.878771306170814
"62","Eduardo Najera",1.02296951734228,2008,"DEN",0,15.1029773127383,0,0,0.126636630356909,0.176738709162909,0,0.379987271645277,0.694728716965464,0.591638029676948,1.04171173062133,0.344935776152409,0.119355495399437,0,0,0,4,3.25,1.5,0.25,0.75,2.96615741075954,0,0,0,0.251574411667219,0.756926380961595,0
"63","J.R. Smith",3.43475041746622,2008,"DEN",0,15.1029773127383,0,0,-0.350889914270676,1.42249074206758,0.592295429496538,1.73369192688158,0.374084693750635,0.69024436795644,1.38894897416177,0,0.483071945877013,1.95296986408291,2.61483916449213,0,18.25,1.75,1.75,0,1,12.005039461299,0.125,0.125,0,-0.697072588664236,6.09216155557705,2.35568608148756
"64","Arron Afflalo",0.319516672615541,2008,"DET",0.625,29.6511865216503,0.00866338792766101,0.00673490486591153,-0.3520464954586,-0.126636868929507,0,0.110829620896539,0.0890677842263416,0.197212676558983,0.462982991387258,0,0.110409718623937,0,0,0.317458608550982,1.16666666666667,0.416666666666667,0.5,0,0.333333333333333,2.74384186517993,0,0,0.00833333333333333,-0.699370235333112,-0.542353100512721,0
"65","Chauncey Billups",4.57522648136653,2008,"DET",0.625,29.6511865216503,0.124052875051935,0.0964385202179399,0.815546573365704,-1.38436607612003,2.32061667890505,1.5262822077752,0.627037200953445,2.18248695391941,1.11115917932942,0.0919828736406423,1.95865428347795,2.08316785502177,2.23132942036662,1.01586754736314,16.0666666666667,2.93333333333333,5.53333333333333,0.0666666666666667,0.8,48.6754036637463,0.133333333333333,0.106666666666667,0.0266666666666667,1.6201524693404,-5.92888342846087,9.22959073922159
"66","Juan Dixon",0,2008,"DET",0.625,29.6511865216503,0,0,0,-0.220371441376756,0,0,0,0,0,0,-0.0168910390432143,0,0,0,0,0,0,0,0,-0.41976685250887,0,0,0,0,-0.94379413756409,0
"67","Richard Hamilton",5.29953647470948,2008,"DET",0.625,29.6511865216503,0.1436918453781,0.111705826486065,-0.545565953472152,0.852878543654946,4.47335979016969,2.05640170537444,0.905347830253637,1.55449992111198,1.87916625916005,0.73045223185216,2.57387261610884,1.7461848196506,1.47661505759556,1.56861900695779,21.6470588235294,4.23529411764706,3.94117647058824,0.529411764705882,1.35294117647059,63.9644727632563,0.111764705882353,0.0705882352941176,0.0411764705882353,-1.08381305933046,3.65265918545032,17.7915122595935
"68","Jarvis Hayes",0.153121340362731,2008,"DET",0.625,29.6511865216503,0.00415173818851678,0.00322755508137353,0.0515499514293182,-0.828990559504609,0,0.198629710178213,0.310927537662865,0.143427401133806,0.126268088560161,0.250862382656297,0.0849652614357271,-0.142034171933303,-0.380340242107947,0.346318482055617,2.09090909090909,1.45454545454545,0.363636363636364,0.181818181818182,0.0909090909090909,2.11151014891512,-0.00909090909090909,-0.0181818181818182,0.00909090909090909,0.102408352668213,-3.55035310051272,0
"69","Walter Herrmann",0.0710300380754993,2008,"DET",0.625,29.6511865216503,0.0019259113126313,0.00149720058469742,0.327353186772404,-0.330557162065135,-0.236191839494063,0.118746022389149,0.053440670535805,0,0,0,0.00847494641889497,0,0,0,1.25,0.25,0,0,0,0.21061472739121,0,0,0,0.650314882333444,-1.41569120634614,-0.939385653085407
"70","Lindsey Hunter",1.07804752115467,2008,"DET",0.625,29.6511865216503,0.0292302238996276,0.0227235325044986,0.58314332965873,-0.4013714782517,0,0.181357561467064,0.194329711039291,0.50199590396832,1.01014470848129,0,0.191765280659024,0.284068343866606,0,0.692636964111233,1.90909090909091,0.909090909090909,1.27272727272727,0,0.727272727272727,4.76564574131731,0.0181818181818182,0,0.0181818181818182,1.15846370566788,-1.71897068782045,0
"71","Amir Johnson",0.881415066795272,2008,"DET",0.625,29.6511865216503,0.0238987236140906,0.0185788321268293,-0.1760232477293,0.888947267838332,-0.354287759241094,0.249366647017213,0.347364358482732,0.0493031691397457,0,0.517403664228613,0.195708484895593,0.390593972816583,0.261483916449213,0.476187912826473,2.625,1.625,0.125,0.375,0,4.86364009364516,0.025,0.0125,0.0125,-0.349685117666556,3.8071322433975,-1.40907847962811
"72","Jason Maxiell",3.06020070315803,2008,"DET",0.625,29.6511865216503,0.0829744050942193,0.0645041788825965,0,2.28792359103822,-2.13895549857628,0.530864570680902,0.855050728572879,0.371223861758085,1.22554321249568,1.78554990008306,1.09901614197434,1.10285357030564,0.615256273998149,1.34453057739239,5.58823529411765,4,0.941176470588235,1.29411764705882,0.882352941176471,27.3121473221828,0.0705882352941176,0.0294117647058824,0.0352941176470588,0,9.79858759794912,-8.50708522468326
"73","Antonio McDyess",3.56753429694366,2008,"DET",0.625,29.6511865216503,0.0967302685855367,0.0751979666635507,0,1.83673167757738,0.606530101588445,0.843795264977013,1.58435870294386,0.371223861758085,0.817028808330455,0.649290872757475,1.38635998502424,1.28666249868992,0.984410038397038,1.56861900695779,8.88235294117647,7.41176470588235,0.941176470588235,0.470588235294118,0.588235294117647,34.4530591557454,0.0823529411764706,0.0470588235294118,0.0411764705882353,0,7.86624881493664,2.41230042840215
"74","Tayshaun Prince",3.73148188366826,2008,"DET",0.625,29.6511865216503,0.101175550053863,0.078653721853248,-0.373569717218865,1.32901672564496,0.5056860408199,1.31319130642118,1.1819818894978,1.27608202479342,1.14384033166264,0.649290872757475,1.85607211953257,1.10285357030564,0.738307528797779,1.34453057739239,13.8235294117647,5.52941176470588,3.23529411764706,0.470588235294118,0.823529411764706,46.1260879009485,0.0705882352941176,0.0352941176470588,0.0352941176470588,-0.742127941663905,5.69183641288575,2.01122194877404
"75","Theo Ratliff",1.01082365815451,2008,"DET",0.625,29.6511865216503,0.0274075133712569,0.021306560055709,0,0.0787428090036258,-0.472383678988125,0.126662423881759,0.480966034822245,0.0328687794264971,0.115745747846814,1.26476451255883,0.218445667533323,0.390593972816582,0.174322610966142,0.634917217101964,1.33333333333333,2.25,0.0833333333333333,0.916666666666667,0.0833333333333333,5.42869210532667,0.025,0.00833333333333333,0.0166666666666667,0,0.337235174615459,-1.87877130617081
"76","Rodney Stuckey",2.15140303198399,2008,"DET",0.625,29.6511865216503,0.0583332284423545,0.0453481648705083,-0.224403112232688,-2.44067452094747,2.1022018390658,0.776738687627846,0.402376813446061,1.34568649887306,1.47065185499482,0.162322718189369,1.08094802703961,0.735235713537096,0.369153764398889,0.896353718261596,8.17647058823529,1.88235294117647,3.41176470588235,0.117647058823529,1.05882352941176,26.8631284242029,0.0470588235294118,0.0176470588235294,0.0235294117647059,-0.445795823665893,-10.4527804972429,8.3609080302616
"77","Rasheed Wallace",3.79218345385823,2008,"DET",0.625,29.6511865216503,0.102821414872337,0.0799332147106766,-1.1207091516566,0.36172503862584,0.0897587659892027,1.25731082529687,1.35802174538046,0.649641758076649,1.55235473582786,2.67832485012459,1.65261455168452,1.01094910611351,0.12305125479963,2.24088429565399,13.2352941176471,6.35294117647059,1.64705882352941,1.94117647058824,1.11764705882353,41.0698718412859,0.0647058823529412,0.00588235294117647,0.0588235294117647,-2.22638382499171,1.54917519589823,0.356989882417284
"78","Rafer Alston",3.41608179709389,2008,"HOU",0.125,20.8792025883111,0.0185247558811779,0.0204514623022908,1.13655958628625,-0.198151670844705,0.0819085614546654,1.3537046552363,0.32064402321483,1.77491408903085,1.38894897416177,0,0.444934686991986,1.56237589126633,1.56890349869528,0.952375825652946,14.25,1.5,4.5,0,1,11.0572731880385,0.1,0.075,0.025,2.2578720583361,-0.848632581987037,0.325767933643242
"79","Shane Battier",2.94150223434898,2008,"HOU",0.125,20.8792025883111,0.0159512020062313,0.0176102405127037,1.63993602078795,-0.335752470748678,-0.0217012539599108,0.949968179113194,0.819423614882343,0.197212676558983,1.38894897416177,1.14978592050803,0.453645048589183,1.04158392751089,0.697290443864569,1.26983443420393,10,3.83333333333333,0.5,0.833333333333333,1,11.2737383245239,0.0666666666666667,0.0333333333333333,0.0333333333333333,3.25787205833609,-1.4379413756409,-0.0863105459848689
"80","Aaron Brooks",0,2008,"HOU",0.125,20.8792025883111,0,0,-1.760232477293,0.214008656478826,0.2299824188288,0.395820074630497,0.21376268214322,0.197212676558983,0,0,0.0568920014231375,-0.260395981877722,-0.348645221932284,0,4.16666666666667,1,0.5,0,0,1.41384886443173,-0.0166666666666667,-0.0166666666666667,0,-3.49685117666556,0.916543968269324,0.914689454015131
"81","Mike Harris",0.0844353870206255,2008,"HOU",0.125,20.8792025883111,0.000457876896747761,0.000505499351947806,0,0.0131238015006043,-0.118095919747031,0.0949968179113194,0.142508454762147,0,0,0,0.0280732600125896,0,0,0,1,0.666666666666667,0,0,0,0.697661284483383,0,0,0,0,0.0562058624359099,-0.469692826542703
"82","Chuck Hayes",1.97718618218499,2008,"HOU",0.125,20.8792025883111,0.0107219011523009,0.0118370551618426,-0.3520464954586,0.643262204431876,0,0.221659241793078,0.997559183335026,0.328687794264971,0.694474487080887,1.37974310460963,0.233061026519612,0.781187945633165,0.348645221932284,1.26983443420393,2.33333333333333,4.66666666666667,0.833333333333333,1,0.5,5.79190500325827,0.05,0.0166666666666667,0.0333333333333333,-0.699370235333112,2.75492638096159,0
"83","Luther Head",0,2008,"HOU",0.125,20.8792025883111,0,0,-1.0561394863758,-0.647990522629665,0.133336320801131,0.0759974543290555,0.0855050728572879,0.315540282494373,0.55557958966471,0.275948620921927,-0.0552440951750191,-0.937425534759798,-1.25512279895622,0,0.8,0.4,0.8,0.2,0.4,-1.37289600077233,-0.06,-0.06,0,-2.09811070599934,-2.77517655025636,0.530307173457297
"84","Bobby Jackson",0,2008,"HOU",0.125,20.8792025883111,0,0,-1.71170278447069,-1.5670484894765,-0.273384926748621,0.823305755231434,0.356271136905366,0.591638029676948,1.15745747846814,0,0.148900100276419,-0.781187945633165,-1.39458088772914,0.634917217101964,8.66666666666667,1.66666666666667,1.5,0,0.833333333333333,3.70038375208167,-0.05,-0.0666666666666667,0.0166666666666667,-3.40044282399735,-6.71126516397407,-1.08731054598487
"85","Carl Landry",2.38356254497895,2008,"HOU",0.125,20.8792025883111,0.0129256021652694,0.0142699567601863,0,-0.29684805673262,0.0609616042163991,0.538315301497476,0.997559183335026,0,1.6204404698554,0.689871552304817,0.409661646109641,1.04158392751089,0.697290443864569,1.26983443420393,5.66666666666667,4.66666666666667,0,0.5,1.16666666666667,10.1806868920908,0.0666666666666667,0.0333333333333333,0.0333333333333333,0,-1.27132378833317,0.242457387658373
"86","Tracy McGrady",4.79189910537979,2008,"HOU",0.125,20.8792025883111,0.0259855490608897,0.028688231058585,-1.71170278447069,-0.139499956287391,-1.49045509716286,2.56491408360562,1.7457285708363,2.69523991297277,2.08342346124266,1.14978592050803,1.18233349716195,1.56237589126633,0.697290443864569,2.53966886840785,27,8.16666666666667,6.83333333333333,0.833333333333333,1.5,29.3827046074385,0.1,0.0333333333333333,0.0666666666666667,-3.40044282399735,-0.597442391409495,-5.92785990338164
"87","Dikembe Mutombo",2.74824325867505,2008,"HOU",0.125,20.8792025883111,0.0149031956765083,0.0164532340677944,0,0.434380097855582,-0.273384926748621,0.364154468660058,1.38945743393093,0.131475117705989,0.231491495693629,2.52952902511766,0.410210948192347,1.30197990938861,1.04593566579685,1.26983443420393,3.83333333333333,6.5,0.333333333333333,1.83333333333333,0.166666666666667,10.194337846644,0.0833333333333333,0.05,0.0333333333333333,0,1.86033810583341,-1.08731054598487
"88","Steve Novak",0.848157653093756,2008,"HOU",0.125,20.8792025883111,0.00459939615195426,0.00507776607790918,0.47918650225001,0.123309522188983,0,0.253324847763518,0.142508454762147,0,0,0.459914368203212,0.0836312420920122,0.520791963755443,0.697290443864569,0,2.66666666666667,0.666666666666667,0,0.333333333333333,0,2.07835783071465,0.0333333333333333,0.0333333333333333,0,0.951944647000332,0.528102931217955,0
"89","Luis Scola",2.82801909458144,2008,"HOU",0.125,20.8792025883111,0.0153358047219474,0.0169308375321088,-0.1760232477293,-0.260395421825819,-0.429854709604511,1.32995545075847,1.99511836667005,0.525900470823954,0.925965982774516,0.229957184101606,0.621496070718964,1.04158392751089,0.697290443864569,1.26983443420393,14,9.33333333333333,1.33333333333333,0.166666666666667,0.666666666666667,15.4450800086887,0.0666666666666667,0.0333333333333333,0.0333333333333333,-0.349685117666556,-1.11520653961497,-1.70962446449731
"90","Loren Woods",0.168267146846567,2008,"HOU",0.125,20.8792025883111,0.000912480439082795,0.00100738489733301,0,0.123309522188983,0,0.189993635822639,0.21376268214322,0,0,0,0.0275239579298834,0,0,0,2,1,0,0,0,0.684010329930249,0,0,0,0,0.528102931217955,0
"91","Trevor Ariza",0.674633022102832,2008,"LAL",0.875,30.1084999631573,0.0256088376985809,0.0196058885385294,-0.200716556415496,0.519485691757139,-0.236191839494063,0.201868238061554,0.293923687946927,0.0493031691397457,0.173618621770222,0.172467888076204,0.136835072388408,0.195296986408291,0.261483916449213,0.476187912826473,2.125,1.375,0.125,0.125,0.125,3.40055028600391,0.0125,0.0125,0.0125,-0.398740470666225,2.22482344974364,-0.939385653085407
"92","Kobe Bryant",7.24016556724338,2008,"LAL",0.875,30.1084999631573,0.274834197034203,0.21041051128718,-2.54437783803724,5.01004822248884,3.61705287643811,2.86347551132691,1.21132186547825,2.19751268165724,2.31491495693629,0.52561642080367,4.23256872656618,2.38076326288203,2.39071009324995,1.45123935337592,30.1428571428571,5.66666666666667,5.57142857142857,0.380952380952381,1.66666666666667,105.185480172809,0.152380952380952,0.114285714285714,0.0380952380952381,-5.05462247265496,21.4567464448099,14.3857958253578
"93","Jordan Farmar",1.00355604654075,2008,"LAL",0.875,30.1084999631573,0.0380946426802307,0.0291649049868865,0.804322463487747,-1.52348451604366,0.563826085312724,0.538315301497476,0.33591278622506,0.50711831115167,0.462982991387258,0.262808210401835,0.635620981417123,0.0743988519650633,-0.0996129205520813,0.362809838343979,5.66666666666667,1.57142857142857,1.28571428571429,0.19047619047619,0.333333333333333,15.7961045543407,0.00476190476190476,-0.00476190476190476,0.00952380952380952,1.59785482267153,-6.5246918835252,2.24245738765837
"94","Derek Fisher",4.36716988161647,2008,"LAL",0.875,30.1084999631573,0.165776268039544,0.126916772708384,2.2731191725725,-0.311510347252512,1.85662892539868,0.972586469092079,0.478421240987206,0.976672302958772,2.84403837566458,0.197106157801376,1.79492302696846,1.33917933537114,1.09574212607289,1.26983443420393,10.2380952380952,2.23809523809524,2.47619047619048,0.142857142857143,2.04761904761905,44.60644413873,0.0857142857142857,0.0523809523809524,0.0333333333333333,4.51574411667219,-1.33411860307633,7.38421183119132
"95","Pau Gasol",5.9494448073876,2008,"LAL",0.875,30.1084999631573,0.225838880513368,0.172900151546383,0,3.60875763774171,-1.12038884757992,1.6013749305051,1.9849391913299,1.55891925279958,0.727544700751405,2.62808210401835,3.09971165271083,1.85997129912658,1.5938067288333,1.63264427254791,16.8571428571429,9.28571428571429,3.95238095238095,1.9047619047619,0.523809523809524,77.032336543335,0.119047619047619,0.0761904761904762,0.0428571428571429,0,15.455379703976,-4.45602698022058
"96","D.J. Mbenga",0.763964710851792,2008,"LAL",0.875,30.1084999631573,0.0289998379069335,0.0222020068357208,0,0.285990448879778,0,0.135709739873313,0.27483773418414,0,0.396842564046221,0.197106157801376,0.0894577677550024,0.22319655589519,0.298838761656244,0.544214757515969,1.42857142857143,1.28571428571429,0,0.142857142857143,0.285714285714286,2.2231554557961,0.0142857142857143,0.0142857142857143,0.0142857142857143,0,1.22482344974364,0
"97","Coby Karl",0.106342284442301,2008,"LAL",0.875,30.1084999631573,0.0040367165756142,0.00309047275689173,0,0,0,0,0,0.394425353117966,0,0,0.00329581249623693,0,0,0,0,0,1,0,0,0.0819057273188039,0,0,0,0,0,0
"98","Chris Mihm",0,2008,"LAL",0.875,30.1084999631573,0,0,0,-0.110185720688378,0,0,0,0,0,0,-0.0252482778729579,-1.56237589126633,-2.09187133159371,0,0,0,0,0,0,-0.627456375352979,-0.1,-0.1,0,0,-0.471897068782045,0
"99","Ira Newble",0,2008,"LAL",0.875,30.1084999631573,0,0,0,0,0,0,0,0,0,0,0,0,0,0,0,0,0,0,0,0,0,0,0,0,0,0
"100","Lamar Odom",4.55013465252452,2008,"LAL",0.875,30.1084999631573,0.172721547872034,0.132234014508555,-0.424616292213682,1.45498048586377,-2.35805588144821,1.36162105672891,2.12744764609204,1.16449389968161,0.925965982774516,1.77395542021239,2.45173137443282,1.4135781873362,0.896516284968731,1.8140491917199,14.3333333333333,9.95238095238095,2.95238095238095,1.28571428571429,0.666666666666667,60.9290855115488,0.0904761904761905,0.0428571428571429,0.0476190476190476,-0.843536294332118,6.23130676211667,-9.37849448546166
"101","Vladimir Radmanovic",2.37194797802313,2008,"LAL",0.875,30.1084999631573,0.090038330186293,0.0689325101984457,0.876157300616053,0.836966962103051,0.148073857374135,0.759974543290555,0.814334027212266,0.582246949840806,0.859825555433479,0.0657020526004588,1.1040383324448,0.595190815720507,0.398451682208325,0.725619676687959,8,3.80952380952381,1.47619047619048,0.0476190476190476,0.619047619047619,27.4369560495257,0.0380952380952381,0.019047619047619,0.019047619047619,1.74056082200862,3.58451397891071,0.58892152037189
"102","Ronny Turiaf",0.503139525224138,2008,"LAL",0.875,30.1084999631573,0.0190990034864347,0.0146220198651489,0,-0.696818563527056,-0.627672685989716,0.189993635822639,0.303768021992997,0.103796145557359,0.146205155174924,1.30712504647229,0.194433319346454,0,-0.220196982273022,0.401000347643345,2,1.42105263157895,0.263157894736842,0.947368421052632,0.105263157894737,4.83195037771824,0,-0.0105263157894737,0.0105263157894737,0,-2.98429447615362,-2.49638902561298
"103","Sasha Vujacic",1.99214586286857,2008,"LAL",0.875,30.1084999631573,0.0756211724043422,0.0578948679656245,1.68272485303408,-0.894036253400252,1.07496725007624,0.773545517277886,0.468242065647053,0.300514554756545,0.793685128092442,0.262808210401835,0.957198114978526,0.44639311179038,0.298838761656244,0.544214757515969,8.14285714285714,2.19047619047619,0.761904761904762,0.19047619047619,0.571428571428571,23.7877633770183,0.0285714285714286,0.0142857142857143,0.0142857142857143,3.34287570434206,-3.82892705814066,4.27537553550269
"104","Luke Walton",1.95711646992601,2008,"LAL",0.875,30.1084999631573,0.0742914686852004,0.0568768591354852,0.959529585687944,-0.114340725278788,-0.11628008898565,0.565457249472139,0.559854643708433,0.770068546563647,0.727544700751405,0.262808210401835,0.914117137349143,0.520791963755443,0.398451682208325,0.544214757515969,5.95238095238095,2.61904761904762,1.95238095238095,0.19047619047619,0.523809523809524,22.7171385127797,0.0333333333333333,0.019047619047619,0.0142857142857143,1.90618694066954,-0.489691883525198,-0.462470877768662
"105","Hilton Armstrong",0.994863477010046,2008,"NOH",0.4375,29.2459014378337,0.0188823378639126,0.0148825219874685,0,0.434380097855582,-0.590479598735157,0.249366647017213,0.53440670535805,0,0,1.03480732845723,0.204811205123295,0.390593972816583,0.261483916449213,0.476187912826473,2.625,2.5,0,0.75,0,5.08985591195424,0.025,0.0125,0.0125,0,1.86033810583341,-2.34846413271352
"106","Ryan Bowen",0.286848513112222,2008,"NOH",0.4375,29.2459014378337,0.00544433549477987,0.00429107048566641,-0.1760232477293,-0.31743336056453,0.133336320801131,0.0422208079605864,0.332519727778342,0.087650078470659,0.154327663795753,0,0.0673287409945545,0,0,0.423278144734642,0.444444444444444,1.55555555555556,0.222222222222222,0,0.111111111111111,1.67321700094128,0,0,0.0111111111111111,-0.349685117666556,-1.35948534391023,0.530307173457297
"107","Tyson Chandler",4.35715384427795,2008,"NOH",0.4375,29.2459014378337,0.0826980313519649,0.0651802376795811,0,2.54206255108774,-0.441902876879926,0.759974543290555,2.191067491968,0.164343897132486,0.578728739234072,2.29957184101606,1.26896628277732,1.82277187314405,1.56890349869528,1.58729304275491,8,10.25,0.416666666666667,1.66666666666667,0.416666666666667,31.5356551541042,0.116666666666667,0.075,0.0416666666666667,0,10.8869993228209,-1.75754261234163
"108","Melvin Ely",0,2008,"NOH",0.4375,29.2459014378337,0,0,0,-0.717637362601844,-0.0876151176388319,0.20356460980997,0.33591278622506,0.0563464790168522,0,0,0.0138894955198556,-0.22319655589519,-0.298838761656244,0,2.14285714285714,1.57142857142857,0.142857142857143,0,0,0.345174136557816,-0.0142857142857143,-0.0142857142857143,0,0,-3.07345603173068,-0.348464132713517
"109","Mike James",0.387605475898299,2008,"NOH",0.4375,29.2459014378337,0.00735668533717858,0.00579833027427678,0.126636630356909,-0.303842568578171,0.133336320801131,0.284990453733958,0.053440670535805,0.0986063382794914,0.694474487080887,0,0.0714092707518002,0,0,0,3,0.25,0.25,0,0.5,1.77462409190742,0,0,0,0.251574411667219,-1.30127948147432,0.530307173457297
"110","Jannero Pargo",1.98381219571436,2008,"NOH",0.4375,29.2459014378337,0.0376524146314102,0.0296765629696836,-0.0148294997928233,-1.03799983820216,-0.162001292147949,0.965800982098413,0.53440670535805,0.887457044515423,1.38894897416177,0.229957184101606,0.811005289252588,0.520791963755443,0.174322610966142,0.952375825652945,10.1666666666667,2.5,2.25,0.166666666666667,1,20.1546593295199,0.0333333333333333,0.00833333333333333,0.025,-0.0294600596619171,-4.44548602108929,-0.644313918512442
"111","Chris Paul",8.27770458386406,2008,"NOH",0.4375,29.2459014378337,0.157109410790643,0.123829171863228,-1.18061278267578,2.7133516073246,0.996208065934141,2.28784003136427,1.05099985387083,4.43728522257711,3.24088093971081,0.229957184101606,2.92703461942585,3.77574173722696,4.18374266318741,1.58729304275491,24.0833333333333,4.91666666666667,11.25,0.166666666666667,2.33333333333333,72.7410614727391,0.241666666666667,0.2,0.0416666666666667,-2.34538747099768,11.620586243591,3.96213335156322
"112","Morris Peterson",2.29596967449198,2008,"NOH",0.4375,29.2459014378337,0.043577109946129,0.0343462394115436,2.07627979931409,0.223104625510273,-0.102352654211835,0.680810528364455,0.552220262203318,0.23008145598548,0.694474487080887,0.344935776152409,0.619495041703392,0.781187945633165,0.697290443864569,0.634917217101964,7.16666666666667,2.58333333333333,0.583333333333333,0.25,0.5,15.395351531388,0.05,0.0333333333333333,0.0166666666666667,4.12470599933709,0.955499661410468,-0.40707847962811
"113","Peja Stojakovic",3.8566205938645,2008,"NOH",0.4375,29.2459014378337,0.0731979962568644,0.0576925800492849,5.11685115541892,-2.02756986721166,1.29767871420004,1.33787185225108,1.15788119494244,0.197212676558983,0.694474487080887,0.114978592050803,1.19610528509265,1.30197990938861,1.220258276763,0.952375825652945,14.0833333333333,5.41666666666667,0.5,0.0833333333333333,0.5,29.7249535394492,0.0833333333333333,0.0583333333333333,0.025,10.1650589990056,-8.6835596401277,5.16114684167351
"114","Bonzi Wells",0.227518222287682,2008,"NOH",0.4375,29.2459014378337,0.00431825676860122,0.00340352724166994,-0.3520464954586,-0.923319294558866,-1.10858448088558,0.348321665674838,0.552220262203318,0.262950235411977,0.462982991387258,0.344935776152409,0.173422514682943,-0.260395981877722,-0.697290443864569,0.634917217101964,3.66666666666667,2.58333333333333,0.666666666666667,0.25,0.333333333333333,4.30980136606087,-0.0166666666666667,-0.0333333333333333,0.0166666666666667,-0.699370235333112,-3.95433878301248,-4.40907847962811
"115","David West",5.51473294981649,2008,"NOH",0.4375,29.2459014378337,0.104668683888809,0.0824968815091318,0.151329939043104,-0.349463906837987,2.15941253994487,2.01076597912293,1.81698279821737,1.1175385005009,1.50469472200859,2.64450761716847,2.05517450658203,1.82277187314405,1.220258276763,2.22221025985687,21.1666666666667,8.5,2.83333333333333,1.91666666666667,1.08333333333333,51.0740713923684,0.116666666666667,0.0583333333333333,0.0583333333333333,0.300629764666888,-1.49666392570378,8.58844727007566
"116","Julian Wright",1.16912411940604,2008,"NOH",0.4375,29.2459014378337,0.0221897749164744,0.0174893498607793,-0.578463113429294,0.344079195270482,0.148073857374135,0.405895494712001,0.349793479870723,0.179284251417257,1.26268088560161,0.125431191328149,0.398342099619589,0.284068343866606,0,0.692636964111233,4.27272727272727,1.63636363636364,0.454545454545455,0.0909090909090909,0.909090909090909,9.89937972147805,0.0181818181818182,0,0.0181818181818182,-1.14916605899901,1.47360259262842,0.58892152037189
"117","Carlos Arroyo",0.193035117023382,2008,"ORL",0.3125,23.6835003809021,0.00261698096807493,0.00254706749845351,-0.1760232477293,0.136666818932464,0.133336320801131,0.142495226866979,0.10688134107161,0.394425353117966,0,0,0.0264842075590468,0,0,0,1.5,0.5,1,0,0,0.658171023097531,0,0,0,-0.349685117666556,0.585308793653865,0.530307173457297
"118","James Augustine",0.165949696215369,2008,"ORL",0.3125,23.6835003809021,0.00224978337284005,0.0021896797024616,0,0.123309522188983,0,0.189993635822639,0.21376268214322,0,0,0,0.0215012529516409,0,0,0,2,1,0,0,0,0.534337363936958,0,0,0,0,0.528102931217955,0
"119","Keith Bogans",1.40383648304137,2008,"ORL",0.3125,23.6835003809021,0.0190318394655802,0.0185233978886071,-0.37795027681046,-0.198151670844705,-0.0217012539599108,0.693476770752631,0.897803265001523,0.433867888429762,0.55557958966471,0,0.436852099203595,0.468712767379899,0.209187133159371,0.761900660522356,7.3,4.2,1.1,0,0.4,10.856409142471,0.03,0.01,0.02,-0.750830294995028,-0.848632581987037,-0.0863105459848689
"120","Keyon Dooling",1.32457330659796,2008,"ORL",0.3125,23.6835003809021,0.017957266986644,0.0174775329514064,0.478329577699927,-0.600223634825037,0.498415086114899,0.626978998214708,0.21376268214322,0.276097747182576,0.833369384497064,0.137974310460963,0.362931733216567,0.468712767379899,0.418374266318741,0.380950330261178,6.6,1,0.7,0.1,0.6,9.01938068689209,0.03,0.02,0.01,0.950242293669208,-2.57060326980749,1.98230380092972
"121","Maurice Evans",2.41722764721296,2008,"ORL",0.3125,23.6835003809021,0.0327704038819767,0.0318949322357424,1.21985011648479,1.03330908434498,-0.220951438439963,0.854971361201874,0.53440670535805,0.276097747182576,1.11115917932942,0.137974310460963,0.680467572883775,0.937425534759798,0.836748532637483,0.380950330261178,9,2.5,0.7,0.1,0.8,16.9106074867859,0.06,0.04,0.01,2.42333576400398,4.42539673019251,-0.878771306170814
"122","Adonal Foyle",0,2008,"ORL",0.3125,23.6835003809021,0,0,0,-0.0972954144306513,0,0.0633312119408796,0.21376268214322,0,0,0,-0.0148900100276419,-0.520791963755443,-0.697290443864569,0,0.666666666666667,1,0,0,0,-0.370038375208167,-0.0333333333333333,-0.0333333333333333,0,0,-0.416691206346135,0
"123","Pat Garrity",0.0173024620438994,2008,"ORL",0.3125,23.6835003809021,0.000234569826298698,0.000228303219615233,-0.1760232477293,-0.110185720688378,-0.118095919747031,0.0474984089556597,0.21376268214322,0,0,0,-0.00459059597690144,0,0,0,0.5,1,0,0,0,-0.114082977336905,0,0,0,-0.349685117666556,-0.471897068782045,-0.469692826542703
"124","Marcin Gortat",0.452853377114719,2008,"ORL",0.3125,23.6835003809021,0.00613934235134081,0.00597532788955749,0,0.50589489977078,0,0.118746022389149,0.21376268214322,0,0,0.689871552304817,0.0998160356003185,0.195296986408291,0,0,1.25,1,0,0.5,0,2.48057345594092,0.0125,0,0,0,2.16661758730773,0
"125","Dwight Howard",6.53522678112816,2008,"ORL",0.3125,23.6835003809021,0.088598201052684,0.0862312722467912,0,3.15890191249768,-4.02448787895091,1.79543985852394,3.37745037786287,0.354982817806169,1.11115917932942,4.69112655567276,1.91612260793127,2.3435638368995,1.67349706527497,2.66665231182825,18.9,15.8,0.9,3.4,0.8,47.6184297540608,0.15,0.08,0.07,0,13.5287634710264,-16.0062523015222
"126","Rashard Lewis",4.32463032395052,2008,"ORL",0.3125,23.6835003809021,0.0586291003743497,0.057062805518576,-1.39263520384259,1.20011382118579,0.844809784355334,1.85243794927073,1.53909131143118,1.34104620060108,1.52784387157795,0.689871552304817,1.49706397262105,1.71861348039296,1.67349706527497,1.14285099078353,19.5,7.2,3.4,0.5,1.1,37.2042140322931,0.11,0.08,0.03,-2.76658800132582,5.13977846570572,3.35998988241728
"127","Jameer Nelson",4.44803809333133,2008,"ORL",0.3125,23.6835003809021,0.0603021419885502,0.0586911512998695,2.8546025446088,0.707820058842135,0.206094660052397,1.53894845016337,0.876426996787201,1.85379915965444,0.416684692248532,0.275948620921927,1.18896435801747,1.8748510695196,2.30105846475308,0.380950330261178,16.2,4.1,4.7,0.2,0.3,29.5474911302585,0.12,0.11,0.01,5.6709101756712,3.03141104769276,0.819682708959988
"128","J.J. Redick",0,2008,"ORL",0.3125,23.6835003809021,0,0,-0.5280697431879,-0.110185720688378,0,0,0.10688134107161,0,0,0,-0.0333504835928737,-0.781187945633165,-1.04593566579685,0,0,0.5,0,0,0,-0.828807955011706,-0.05,-0.05,0,-1.04905535299967,-0.471897068782045,0
"129","Hedo Turkoglu",3.56795111155707,2008,"ORL",0.3125,23.6835003809021,0.0483707850568746,0.047078544321121,-1.12201556116344,0.695561479532028,1.30872115251326,1.66244431344809,1.36808116571661,2.16933944214881,1.11115917932942,0.275948620921927,1.1976158658201,1.09366312388643,0.836748532637483,1.14285099078353,17.5,6.4,5.5,0.2,0.8,29.7624936644704,0.07,0.04,0.03,-2.22897911832947,2.97891070910322,5.20506498951782
"130","Lou Amundson",1.01901216871449,2008,"PHI",0.125,18.7176499230326,0.00552590739526334,0.00680515564790914,0,0.0262476030012086,-0.118095919747031,0.237492044778298,0.748169387501269,0,0,0,0.0665047878704952,0.781187945633165,1.04593566579685,0,2.5,3.5,0,0,0,1.65274056911158,0.05,0.05,0,0,0.11241172487182,-0.469692826542703
"131","Rodney Carney",1.76084150957171,2008,"PHI",0.125,18.7176499230326,0.00954870551929126,0.0117592320404293,0.756649695215522,-0.681067901014559,-0.118095919747031,0.474984089556597,0.249389795833756,0.328687794264971,1.6204404698554,0.459914368203212,0.262017093450836,0.781187945633165,0.348645221932284,0.634917217101964,5,1.16666666666667,0.833333333333333,0.333333333333333,1.16666666666667,6.51150532184491,0.05,0.0166666666666667,0.0166666666666667,1.50314882333444,-2.91683844442295,-0.469692826542703
"132","Samuel Dalembert",2.68088356510989,2008,"PHI",0.125,18.7176499230326,0.0145379169877523,0.0179034465874038,0,-0.52428276873594,0.511895461485162,0.854971361201874,2.03074548036059,0.197212676558983,0.462982991387258,2.29957184101606,0.51493146667397,0.781187945633165,0.348645221932284,1.26983443420393,9,9.5,0.5,1.66666666666667,0.333333333333333,12.7967948253807,0.05,0.0166666666666667,0.0333333333333333,0,-2.24536809519203,2.03591814784432
"133","Reggie Evans",1.93677254090998,2008,"PHI",0.125,18.7176499230326,0.0105027457329178,0.0129341326827489,0,0.170609419507856,-0.662854315319889,0.649144922394016,1.67447434345522,0.197212676558983,1.15745747846814,0,0.330993740693509,0.520791963755443,0,1.26983443420393,6.83333333333333,7.83333333333333,0.5,0,0.833333333333333,8.22567518644559,0.0333333333333333,0,0.0333333333333333,0,0.730676211666828,-2.63631391851244
"134","Willie Green",1.25259225163301,2008,"PHI",0.125,18.7176499230326,0.00679256735008408,0.00836504754058136,-0.376739804144796,-0.160006155897521,-0.323304092651798,0.854971361201874,0.285016909524293,0.788850706235931,1.15745747846814,0.919828736406423,0.286931866487865,0,-0.348645221932284,0.634917217101964,9,1.33333333333333,2,0.666666666666667,0.833333333333333,7.13067361764777,0,-0.0166666666666667,0.0166666666666667,-0.748425588332781,-0.685265163974072,-1.28584978579892
"135","Andre Iguodala",2.04697255202764,2008,"PHI",0.125,18.7176499230326,0.011100339240718,0.0136700691622936,-1.45656584633779,-1.15447958500745,-0.149701692631986,1.25079143583237,1.03318629702556,1.97212676558983,3.00938944401718,0.229957184101606,0.486603173551553,-0.260395981877722,-1.39458088772914,1.90475165130589,13.1666666666667,4.83333333333333,5,0.166666666666667,2.16666666666667,12.092795597712,-0.0166666666666667,-0.0666666666666667,0.05,-2.89359164733179,-4.94433878301248,-0.595395770668124
"136","Andre Miller",1.54331017903259,2008,"PHI",0.125,18.7176499230326,0.00836907486812441,0.0103065167460841,-0.5280697431879,-0.379464307184307,-0.546769853497243,1.45661787464023,0.676915160120196,1.31475117705989,1.15745747846814,0,0.507653214078114,0,-0.348645221932284,0.634917217101964,15.3333333333333,3.16666666666667,3.33333333333333,0,0.833333333333333,12.6159196775517,0,-0.0166666666666667,0.0166666666666667,-1.04905535299967,-1.62514791525587,-2.17462109196974
"137","Kevin Ollie",0.669905722505549,2008,"PHI",0.125,18.7176499230326,0.00363277014718343,0.0044737568902895,0,-0.207247639876152,0.133336320801131,0.126662423881759,0.0712542273810733,0.394425353117966,0.925965982774516,0,0.0574020676427932,0.520791963755443,0,0,1.33333333333333,0.333333333333333,1,0,0.666666666666667,1.4265247508025,0.0333333333333333,0,0,0,-0.88758827512818,0.530307173457297
"138","Shavlik Randolph",0.0426599206308689,2008,"PHI",0.125,18.7176499230326,0.000231336561164771,0.000284891003987464,0,-0.110185720688378,0.0152404010540998,0.142495226866979,0,0,0,0,0.013654080341553,0,0,0,1.5,0,0,0,0,0.339323727463616,0,0,0,0,-0.471897068782045,0.0606143469145932
"139","Jason Smith",1.26485517993729,2008,"PHI",0.125,18.7176499230326,0.00685906685645373,0.00844694169098686,-0.1760232477293,-0.00356084198340241,0.266672641602262,0.316656059704398,0.53440670535805,0.197212676558983,0.231491495693629,1.14978592050803,0.205909809288707,0.520791963755443,0.348645221932284,0.634917217101964,3.33333333333333,2.5,0.5,0.833333333333333,0.166666666666667,5.11715782106051,0.0333333333333333,0.0166666666666667,0.0166666666666667,-0.349685117666556,-0.0152501692947666,1.06061434691459
"140","Lou Williams",1.93846793019646,2008,"PHI",0.125,18.7176499230326,0.0105119395035946,0.0129454548124864,-0.578463113429294,-0.487012821420023,-0.0139274347738147,1.13996181493583,0.42752536428644,0.788850706235931,1.38894897416177,0,0.442286266236081,0.781187945633165,0.697290443864569,0.634917217101964,12,2,2,0,1,10.9914560857288,0.05,0.0333333333333333,0.0166666666666667,-1.14916605899901,-2.0857505078843,-0.0553923981405513
"141","Thaddeus Young",2.56137640276307,2008,"PHI",0.125,18.7176499230326,0.0138898525853102,0.0171053551947995,-0.376739804144796,0.410865678987891,0.429986900030497,0.965800982098413,0.961932069644489,0.262950235411977,1.6204404698554,0,0.549302082706155,1.30197990938861,1.04593566579685,0.634917217101964,10.1666666666667,4.5,0.666666666666667,0,1.16666666666667,13.650954553134,0.0833333333333333,0.05,0.0166666666666667,-0.748425588332781,1.75963190480797,1.71015021420108
"142","Leandro Barbosa",0.992794938371864,2008,"PHO",0.0625,21.7419394483166,0.00269186819370859,0.00285391668005247,-1.15692622685859,-0.577945450952743,0.481666091617511,0.987966906277721,0.855050728572879,0.709965635612338,0.833369384497064,0,0.266509599770111,0,-0.418374266318741,0.761900660522356,10.4,4,1.8,0,0.6,6.62315062872589,0,-0.02,0.02,-2.29833211799801,-2.47519154493567,1.91568945401513
"143","Raja Bell",4.65610809423211,2008,"PHO",0.0625,21.7419394483166,0.012624590236013,0.0133845812872981,3.02342869393616,-0.00356084198340241,0.314405302688947,1.29195672359394,1.19707102000203,0.867735776859525,0.55557958966471,0.275948620921927,0.57784617307535,2.49980142602613,2.51024559791245,1.52380132104471,13.6,5.6,2.2,0.2,0.4,14.3603166558058,0.16,0.12,0.04,6.00629764666888,-0.0152501692947666,1.25045738765837
"144","Boris Diaw",3.37965890737304,2008,"PHO",0.0625,21.7419394483166,0.00916362077073141,0.00971526400452607,-1.2321627341051,1.89128043098431,-0.354287759241094,1.38695354150526,1.19707102000203,1.81435662434264,0.833369384497064,1.10379448368771,0.544750722592304,1.24990071301306,0.836748532637483,1.52380132104471,14.6,5.6,4.6,0.8,0.6,13.5378466439794,0.08,0.04,0.04,-2.44779582366589,8.09986707942343,-1.40907847962811
"145","Gordan Giricek",0.494050055516119,2008,"PHO",0.0625,21.7419394483166,0.00133956930997735,0.00142021039765835,-0.200716556415496,-0.375590865736246,0.266672641602262,0.322989180898486,0.299267755000508,0.157770141247186,0.55557958966471,0,0.072193988012809,0,-0.418374266318741,0.761900660522356,3.4,1.4,0.4,0,0.4,1.79412545555475,0,-0.02,0.02,-0.398740470666225,-1.60855896294863,1.06061434691459
"146","Grant Hill",2.13553570536518,2008,"PHO",0.0625,21.7419394483166,0.00579030011094635,0.00613887192090669,0,-0.0433992369709699,0.0666681604005656,0.348321665674838,1.14006763809717,0.394425353117966,0.925965982774516,0.459914368203212,0.150744185839789,1.04158392751089,0.697290443864569,1.26983443420393,3.66666666666667,5.33333333333333,1,0.333333333333333,0.666666666666667,3.74621195665291,0.0666666666666667,0.0333333333333333,0.0333333333333333,0,-0.185867756602496,0.265153586728648
"147","Sean Marks",0,2008,"PHO",0.0625,21.7419394483166,0,0,0,0,0,0,0,0,0,0,0,0,0,0,0,0,0,0,0,0,0,0,0,0,0,0
"148","Steve Nash",3.25607315163546,2008,"PHO",0.0625,21.7419394483166,0.00882852985496685,0.00936000086197338,-0.500206347575774,0.561590280392468,0.549591413220817,1.53894845016337,0.598535510001015,3.07651775432013,0.55557958966471,0.275948620921927,0.603133686811359,1.24990071301306,1.25512279895622,0.761900660522356,16.2,2.8,7.8,0.2,0.4,14.9887480993411,0.08,0.06,0.02,-0.993702353331124,2.40514656089775,2.18584304074378
"149","Shaquille O'Neal",3.50109475476992,2008,"PHO",0.0625,21.7419394483166,0.00949288241636369,0.0100643469591699,0,-0.372390691116975,-3.779069431905,1.44395163225205,1.96661667571762,0.394425353117966,1.38894897416177,3.58733207198505,0.556168358739982,0.937425534759798,0,2.28570198156707,15.2,9.2,1,2.6,1,13.8215914850481,0.06,0,0.06,0,-1.59485343910225,-15.0301704493665
"150","Eric Piatkowski",0,2008,"PHO",0.0625,21.7419394483166,0,0,0,0,0,0,0,0,0,0,-0.00349199181148913,0,0,0,0,0,0,0,0,-0.0867810682306374,0,0,0,0,0,0
"151","Brian Skinner",0.487371482376929,2008,"PHO",0.0625,21.7419394483166,0.00132146099987434,0.00140101198059939,0,0.0262476030012086,-0.472383678988125,0.189993635822639,0.160322011607415,0,0,1.03480732845723,0.0589126483702352,0.390593972816583,0,0,2,0.75,0,0.75,0,1.46406487582362,0.025,0,0,0,0.11241172487182,-1.87877130617081
"152","Amar'e Stoudemire",4.22079546626735,2008,"PHO",0.0625,21.7419394483166,0.0114442818236235,0.0121332191761823,-0.200716556415496,0.512470330911958,-0.768224156418302,2.20392617554261,1.92386413928898,0.157770141247186,1.94452856382648,3.31138345106312,0.756388967886376,0.937425534759798,0,2.28570198156707,23.2,9,0.4,2.4,1.4,18.7973644196655,0.06,0,0.06,-0.398740470666225,2.19477846570572,-3.05539239814055
"153","D.J. Strawberry",0,2008,"PHO",0.0625,21.7419394483166,0,0,-0.1760232477293,-0.330557162065135,0,0,0.21376268214322,0,0,0,-0.0315848697556039,-1.56237589126633,-2.09187133159371,0,0,1,0,0,0,-0.784929886805204,-0.1,-0.1,0,-0.349685117666556,-1.41569120634614,0
"154","Brent Barry",2.20363683158271,2008,"SAS",0.5625,26.5968198551741,0.0537745480092322,0.0466050349069885,2.33864169924455,0.311304070909477,0.245725684363996,0.492795992914969,0.240483017411122,0.419076937687838,0.520855865310665,0.172467888076204,0.632364404783936,0.781187945633165,0.653709791123033,0.714281869239709,5.1875,1.125,1.0625,0.125,0.375,15.7151738952043,0.05,0.03125,0.01875,4.6459101756712,1.33323517461546,0.977303800929725
"155","Matt Bonner",0.589023998788536,2008,"SAS",0.5625,26.5968198551741,0.0143737383798829,0.0124573539664779,0,0.136666818932464,0,0.189993635822639,0.21376268214322,0.394425353117966,0,0,0.0473184508388302,0.781187945633165,0,0,2,1,1,0,0,1.17593222793426,0.05,0,0,0,0.585308793653865,0
"156","Bruce Bowen",2.10825120456844,2008,"SAS",0.5625,26.5968198551741,0.0514468872505464,0.0445877104491139,1.55795190009626,-0.791312035043179,-0.0217012539599108,0.581157003692777,0.41495108886625,0.533634301277248,0.898731689163501,0.486968154568106,0.697613645036817,0.643331249344959,0.24610250959926,1.12044214782699,6.11764705882353,1.94117647058824,1.35294117647059,0.352941176470588,0.647058823529412,17.3367122824801,0.0411764705882353,0.0117647058823529,0.0294117647058824,3.09500364600596,-3.38898568249976,-0.0863105459848689
"157","Tim Duncan",5.44366049320845,2008,"SAS",0.5625,26.5968198551741,0.132839666837367,0.115128765172054,-0.376739804144796,-1.30606319682041,-3.14726221991143,1.91670050256368,3.10584602878678,1.2992835161533,1.22554321249568,2.84064756831395,2.86135378467941,1.56237589126633,0.369153764398889,3.13723801391559,20.1764705882353,14.5294117647059,3.29411764705882,2.05882352941176,0.882352941176471,71.1087973354572,0.1,0.0176470588235294,0.0823529411764706,-0.748425588332781,-5.59353235948534,-12.5173375262054
"158","Michael Finley",1.55947141100469,2008,"SAS",0.5625,26.5968198551741,0.0380552135715876,0.0329814870148653,0.400875844918748,-0.460998713661692,0.60001344360509,0.637037484817083,0.41495108886625,0.394425353117966,0.408514404165228,0.243484077284053,0.675013787919764,0.459522320960685,0.24610250959926,0.896353718261596,6.70588235294118,1.94117647058824,1,0.176470588235294,0.294117647058824,16.7750730094369,0.0294117647058824,0.0117647058823529,0.0235294117647059,0.796373881339078,-1.97433878301248,2.38638228055783
"159","Manu Ginobili",4.07155864997442,2008,"SAS",0.5625,26.5968198551741,0.0993567646707923,0.0861099843169809,1.19708855866324,-0.300419402274882,3.11997896853386,1.69317857806646,0.804753626892122,1.55449992111198,0.817028808330455,0.405806795473422,1.87525845656424,1.19475803449778,0.861358783597408,1.34453057739239,17.8235294117647,3.76470588235294,3.94117647058824,0.294117647058824,0.588235294117647,46.6028962421258,0.0764705882352941,0.0411764705882353,0.0352941176470588,2.37811799801127,-1.28661894166586,12.4088261781059
"160","Robert Horry",0.271980627500504,2008,"SAS",0.5625,26.5968198551741,0.00663704431759856,0.00575215773171735,-1.35864953614309,-1.07514261339682,-0.102352654211835,0.145661787464023,0.456027055238869,0.210360188329582,0.462982991387258,0.459914368203212,0.13293110401489,0.104158392751089,-0.278916177545828,0.761900660522356,1.53333333333333,2.13333333333333,0.533333333333333,0.333333333333333,0.333333333333333,3.30353100185842,0.00666666666666667,-0.0133333333333333,0.02,-2.69907258866424,-4.60455896294863,-0.40707847962811
"161","Fabricio Oberto",2.00366125228086,2008,"SAS",0.5625,26.5968198551741,0.0488946166903688,0.0423757223812879,0,1.47259258230099,-0.0876151176388319,0.352047031083125,0.892773554833448,0.464029827197607,0.490217284998273,0.405806795473422,0.61039232147569,0.643331249344959,0.369153764398889,1.12044214782699,3.70588235294118,4.17647058823529,1.17647058823529,0.294117647058824,0.352941176470588,15.1691357130789,0.0411764705882353,0.0176470588235294,0.0294117647058824,0,6.30673483602593,-0.348464132713517
"162","Tony Parker",5.07279790632857,2008,"SAS",0.5625,26.5968198551741,0.123789642034198,0.107285338542258,0.00317008692593022,2.34416109082689,0.424488919620757,2.12904633083604,0.792179351471932,2.38975361006767,1.30724609332873,0.0811613590946844,2.55319531628126,1.56237589126633,1.2305125479963,1.56861900695779,22.4117647058824,3.70588235294118,6.05882352941176,0.0588235294117647,0.941176470588235,63.4506118311491,0.1,0.0588235294117647,0.0411764705882353,0.00629764666887578,10.0394383283351,1.68828356576429
"163","Damon Stoudamire",0.163357824568876,2008,"SAS",0.5625,26.5968198551741,0.00398636157013835,0.00345487832080484,-0.200716556415496,-0.277127975091208,-0.0511763271059176,0.176422661835307,0.21376268214322,0.112692958033704,0.198421282023111,0,0.0782755467856271,0,0,0,1.85714285714286,1,0.285714285714286,0,0.142857142857143,1.94526102382159,0,0,0,-0.398740470666225,-1.1868677566025,-0.203539239814055
"164","Kurt Thomas",1.19398362068301,2008,"SAS",0.5625,26.5968198551741,0.0291363479736998,0.0252517327368947,0,-0.243487628539705,-0.0366902227734624,0.385575319757708,1.05623913529591,0.139208948159282,0.163405761666091,0.486968154568106,0.48369971968582,0.275713392576411,-0.12305125479963,0.896353718261596,4.05882352941176,4.94117647058824,0.352941176470588,0.352941176470588,0.117647058823529,12.0206405522168,0.0176470588235294,-0.00588235294117647,0.0235294117647059,0,-1.04279481474315,-0.145924892899462
"165","Ime Udoka",2.16353014969707,2008,"SAS",0.5625,26.5968198551741,0.052795839240328,0.0457568128758015,1.01309304285527,0.55085984466088,-0.0366902227734624,0.516545197392799,0.627927878795708,0.419076937687838,0.954902419736219,0.172467888076204,0.708364271512638,0.683539452429019,0.39222587467382,0.952375825652946,5.4375,2.9375,1.0625,0.125,0.6875,17.6038809644486,0.04375,0.01875,0.025,2.01259529333775,2.3591908677566,-0.145924892899462
"166","Jacque Vaughn",0,2008,"SAS",0.5625,26.5968198551741,0,0,-0.1760232477293,-0.911527705734514,0,0.081425843923988,0.13741886709207,0.225385916067409,0.198421282023111,0,-0.0464160259886701,-0.334794833842785,-0.597677523312488,0.272107378757984,0.857142857142857,0.642857142857143,0.571428571428571,0,0.142857142857143,-1.15350565973982,-0.0214285714285714,-0.0285714285714286,0.00714285714285714,-0.349685117666556,-3.90383844442295,0
"167","Andrea Bargnani",0.151700188405324,2008,"TOR",0.0625,19.035154215702,0.000411320501711639,0.000498092196569214,-0.802866225661982,-0.434448856636594,0.133336320801131,0.607979634632444,0.299267755000508,0.157770141247186,1.11115917932942,0.827845862765781,0.106093773688389,-0.624950356506532,-0.836748532637483,0,6.4,1.4,0.4,0.6,0.8,2.63658436511959,-0.04,-0.04,0,-1.5949618826649,-1.86063258198704,0.530307173457297
"168","Maceo Baston",0.439866102179519,2008,"TOR",0.0625,19.035154215702,0.00119265472071143,0.00144425577406367,0,0,0,0,0,0,1.38894897416177,0,0.0109075699280222,0,0,0,0,0,0,0,1,0.271068954697946,0,0,0,0,0,0
"169","Chris Bosh",4.72653605599515,2008,"TOR",0.0625,19.035154215702,0.0128155488951381,0.0155191021912508,-0.728282923168894,0.538075861524776,1.03651700161894,2.27992362987166,1.92386413928898,1.41993127122468,2.22231835865884,0.551897241843854,0.897912725909312,1.8748510695196,2.09187133159371,0.761900660522356,24,9,3.6,0.4,1.6,22.3144353534622,0.12,0.1,0.02,-1.44679582366589,2.3044403598723,4.12245064260323
"170","Jose Calderon",3.03031698886397,2008,"TOR",0.0625,19.035154215702,0.00821641368614868,0.00994973876532967,1.33526263696374,-0.392042013977376,0.333340802002828,1.12096245135357,0.769545655715591,2.76097747182576,0.277789794832355,0,0.510850936916724,1.24990071301306,1.67349706527497,0,11.8,3.6,7,0,0.2,12.6953877344146,0.08,0.08,0,2.65261252900232,-1.67901499467931,1.32576793364324
"171","Carlos Delfino",1.78713220842962,2008,"TOR",0.0625,19.035154215702,0.00484563746639689,0.0058678675129784,-0.624326095760174,0.144361816506647,0.415249363457493,0.816972634037346,1.02606087428746,0.867735776859525,1.11115917932942,0,0.334701529751776,0.624950356506532,0.836748532637483,0,8.6,4.8,2.2,0,0.8,8.31781912967924,0.04,0.04,0,-1.24027676499834,0.618264486795008,1.65153586728648
"172","T.J. Ford",1.85148636625362,2008,"TOR",0.0625,19.035154215702,0.00502012758906352,0.00607916786906808,-0.904809547332695,-0.839381176871696,0.817269783785272,1.1019630877713,0.940555801430167,2.60320733057857,1.38894897416177,0,0.428141737606398,0.312475178253266,0,0,11.6,4.4,6.6,0,1,10.6399440059856,0.02,0,0,-1.79748094133245,-3.59485343910225,3.25045738765837
"173","Joey Graham",0,2008,"TOR",0.0625,19.035154215702,0,0,-0.1760232477293,-0.110185720688378,0,0,0,0,0,0,-0.0158905245354281,0,0,0,0,0,0,0,0,-0.394902613858519,0,0,0,-0.349685117666556,-0.471897068782045,0
"174","Kris Humphries",0,2008,"TOR",0.0625,19.035154215702,0,0,0,0,0,0,0,0,0,0,0,0,0,0,0,0,0,0,0,0,0,0,0,0,0,0
"175","Jason Kapono",2.85007909189947,2008,"TOR",0.0625,19.035154215702,0.00772771592653345,0.00935794589448499,2.32336271449497,1.00962992901542,0.0152404010540998,1.48195035941658,0.555782973572372,0.315540282494373,0.55557958966471,0,0.554638160081015,1.24990071301306,2.09187133159371,-0.761900660522356,15.6,2.6,0.8,0,0.4,13.7835638259358,0.08,0.1,-0.02,4.61555717600265,4.32398500532069,0.0606143469145932
"176","Jamario Moon",1.76440583248971,2008,"TOR",0.0625,19.035154215702,0.00478401707915837,0.00579324776048526,0.0792635187225241,-0.348409281763528,0.0666681604005656,0.512982816721125,1.02606087428746,0.315540282494373,1.66673876899413,0.827845862765781,0.275435758614086,0.312475178253266,0,0.761900660522356,5.4,4.8,0.8,0.6,1.2,6.84497864021432,0.02,0,0.02,0.157463705667882,-1.49214723807681,0.265153586728648
"177","Rasho Nesterovic",0.391249691896387,2008,"TOR",0.0625,19.035154215702,0.00106083599010019,0.00128462871728946,0,0.144361816506647,-0.118095919747031,0.436985362392069,0.555782973572372,0.236655211870779,0.277789794832355,0.551897241843854,0.101208908738609,-0.312475178253266,-0.418374266318741,0,4.6,2.6,0.6,0.4,0.2,2.51518837641493,-0.02,-0.02,0,0,0.618264486795008,-0.469692826542703
"178","Anthony Parker",2.10595199572107,2008,"TOR",0.0625,19.035154215702,0.005710086721489,0.00691467997795325,-0.476519791758582,-0.0216464569246733,0.429986900030497,1.08296372418904,1.28257609285932,0.788850706235931,1.11115917932942,0.551897241843854,0.415272374525854,0.624950356506532,0.836748532637483,0,11.4,6,2,0.4,0.8,10.3201216421693,0.04,0.04,0,-0.946647000331456,-0.0927062010254431,1.71015021420108
"179","Carlos Boozer",2.55955847179713,2008,"UTA",0.375,25.0215572428341,0.0416399828838813,0.0383602993853955,0,-2.43119066565205,-0.293521782187699,1.51994908658111,2.61859285625444,1.1175385005009,0.694474487080887,0.229957184101606,1.19390807676183,0.390593972816582,-0.174322610966142,1.26983443420393,16,12.25,2.83333333333333,0.166666666666667,0.5,29.6703497212367,0.025,-0.00833333333333333,0.0333333333333333,0,-10.4121635871143,-1.1673991431957
"180","Ronnie Brewer",3.01031040645585,2008,"UTA",0.375,25.0215572428341,0.0489730065482663,0.0451157532469023,-0.551756299005092,1.52740204985064,0.158110566725164,0.965800982098413,0.676915160120196,0.624506809103446,1.38894897416177,0.459914368203212,1.02915668781303,1.30197990938861,1.39458088772914,0.634917217101964,10.1666666666667,3.16666666666667,1.58333333333333,0.333333333333333,1,25.5760384234789,0.0833333333333333,0.0666666666666667,0.0166666666666667,-1.09611070599934,6.54146967205186,0.628839668216208
"181","Jarron Collins",0.208803970493799,2008,"UTA",0.375,25.0215572428341,0.00339691155847811,0.00312936114148529,0,-0.330557162065135,0,0,0.256515218571864,0.0788850706235931,0.277789794832355,0.275948620921927,0.0278574627658122,0,0,0,0,1.2,0.2,0.2,0.2,0.692298409480366,0,0,0,0,-1.41569120634614,0
"182","Matt Harpring",1.30510035632978,2008,"UTA",0.375,25.0215572428341,0.0212319261693456,0.0195596392692079,-0.0251966851206973,-1.00725741224604,0.573359930182658,0.625395717916186,0.605660932739123,0.262950235411977,0.810220234927701,0.459914368203212,0.487917574963742,0.390593972816582,0.348645221932284,0.317458608550982,6.58333333333333,2.83333333333333,0.666666666666667,0.333333333333333,0.583333333333333,12.1254603818213,0.025,0.0166666666666667,0.00833333333333333,-0.0500553529996685,-4.3138241269227,2.28037553550269
"183","Jason Hart",0.0174527435530945,2008,"UTA",0.375,25.0215572428341,0.000283928634893567,0.000261565607963301,-0.1760232477293,0.123309522188983,0,0.0949968179113194,0,0,0,0,0.00941660713210552,0,0,0,1,0,0,0,0,0.234016363768011,0,0,0,-0.349685117666556,0.528102931217955,0
"184","Andrei Kirilenko",3.17833299424814,2008,"UTA",0.375,25.0215572428341,0.0517064692750872,0.0476339206739178,-1.35864953614309,0.603694869027798,-0.183451113867312,1.04496499702451,0.730355830656001,0.986063382794914,2.08342346124266,2.29957184101606,1.04012311153563,0.911385936572026,0.522967832898427,1.26983443420393,11,3.41666666666667,2.5,1.66666666666667,1.5,25.8485699804504,0.0583333333333333,0.025,0.0333333333333333,-2.69907258866424,2.58546967205185,-0.72962446449731
"185","Kyle Korver",1.57211288205958,2008,"UTA",0.375,25.0215572428341,0.0255757991941974,0.0235613764983065,-1.16080341001568,0.581076866791004,1.16383952891781,0.744141740305335,0.463152477976976,0.23008145598548,0.462982991387258,0.919828736406423,0.579239046213641,0.650989954694304,0.697290443864569,0.317458608550982,7.83333333333333,2.16666666666667,0.583333333333333,0.666666666666667,0.333333333333333,14.3949315762798,0.0416666666666667,0.0333333333333333,0.00833333333333333,-2.30603447132914,2.48860259262842,4.62883966821621
"186","C.J. Miles",0.0587351925424727,2008,"UTA",0.375,25.0215572428341,0.000955529025454467,0.000880268841370184,-0.401433112830991,0.0393714045018129,0,0.162851687847976,0.1526876301023,0,0.396842564046221,0,0.0418254300117687,0,-0.298838761656244,0,1.71428571428571,0.714285714285714,0,0,0.285714285714286,1.03942268240292,0,-0.0142857142857143,0,-0.79748094133245,0.16861758730773,0
"187","Paul Millsap",1.99715265839594,2008,"UTA",0.375,25.0215572428341,0.0324905265609014,0.029931480268398,-0.1760232477293,0.756356191156407,-1.35048287656381,0.609562914930966,0.837237171727611,0.131475117705989,0.810220234927701,1.83965747281285,0.650922968006794,0.650989954694304,0.348645221932284,0.634917217101964,6.41666666666667,3.91666666666667,0.333333333333333,1.33333333333333,0.583333333333333,16.1763811454638,0.0416666666666667,0.0166666666666667,0.0166666666666667,-0.349685117666556,3.23927880429525,-5.37116033178379
"188","Mehmet Okur",4.16193245330237,2008,"UTA",0.375,25.0215572428341,0.0677080824794366,0.0623752013050813,0.598544279331622,-0.585884447328664,0.422093839029838,1.46453427613284,2.51171151518283,0.755981926809434,0.925965982774516,0.919828736406423,1.4773479514382,1.56237589126633,1.220258276763,1.26983443420393,15.4166666666667,11.75,1.91666666666667,0.666666666666667,0.666666666666667,36.7142422706538,0.1,0.0583333333333333,0.0333333333333333,1.18905899900563,-2.50919222211473,1.67875781606053
"189","Ronnie Price",0.477204208812521,2008,"UTA",0.375,25.0215572428341,0.00776336048034007,0.00715189612572756,-0.956209670443094,-0.237756570589395,0.11163506684122,0.261241249256128,0.0712542273810733,0.361556573691468,0.694474487080887,0.229957184101606,0.209441036963247,0.130197990938861,0,0.317458608550982,2.75,0.333333333333333,0.916666666666667,0.166666666666667,0.5,5.20491395747351,0.00833333333333333,0,0.00833333333333333,-1.89959164733179,-1.01825016929477,0.443996627472428
"190","Deron Williams",6.47486090484338,2008,"UTA",0.375,25.0215572428341,0.105335783582974,0.0970392376362444,4.23723829320692,0.477514645143275,0.633140758544757,2.05034798658598,0.765982944346538,3.94425353117966,0.810220234927701,0.459914368203212,2.17382375644656,2.47376182783836,3.3121296083567,0,21.5833333333333,3.58333333333333,10,0.333333333333333,0.583333333333333,54.0226775758453,0.158333333333333,0.158333333333333,0,8.41763341067285,2.04507226468027,2.51813672409079
"191","Gilbert Arenas",1.11898091397002,2008,"WAS",0.125,20.1007450330047,0.00606801871214746,0.00695857860077261,0.406616705494928,-0.543000110624831,0.296147714748269,1.02121579254668,0.374084693750635,1.08466972107441,0.694474487080887,0,0.206537583097514,0,0,0,10.75,1.75,2.75,0,0.5,5.13275891197837,0,0,0,0.807778588001326,-2.32552965076908,1.17784304074378
"192","Andray Blatche",0.81711484044306,2008,"WAS",0.125,20.1007450330047,0.00443105693750439,0.00508137160526504,-0.1760232477293,-0.102257227871318,-1.21244572854071,0.348321665674838,0.712542273810733,0.0657375588529943,0.462982991387258,1.37974310460963,0.137933676553821,0,-0.348645221932284,0.634917217101964,3.66666666666667,3.33333333333333,0.166666666666667,1,0.333333333333333,3.42785219511018,0,-0.0166666666666667,0.0166666666666667,-0.349685117666556,-0.437941375640901,-4.82215695925622
"193","Caron Butler",3.99170009868293,2008,"WAS",0.125,20.1007450330047,0.0216462234428582,0.0248230854884278,-1.18061278267578,0.895406030417117,1.06123544246543,1.77327393434463,1.21132186547825,1.51196385361887,2.54640645262992,0.229957184101606,0.854203974471122,1.56237589126633,1.04593566579685,1.26983443420393,18.6666666666667,5.66666666666667,3.83333333333333,0.166666666666667,1.83333333333333,21.2282093983057,0.1,0.05,0.0333333333333333,-2.34538747099768,3.83479346038503,4.2207611885881
"194","Antonio Daniels",1.90647592524867,2008,"WAS",0.125,20.1007450330047,0.0103384530015116,0.0118557541158195,-0.200716556415496,0.0573882606620719,0.628985652270001,0.696643331349675,0.498779591667513,1.1832760593539,0.462982991387258,0.459914368203212,0.383687504770249,0.781187945633165,0.697290443864569,0.634917217101964,7.33333333333333,2.33333333333333,3,0.333333333333333,0.333333333333333,9.53519175536408,0.05,0.0333333333333333,0.0166666666666667,-0.398740470666225,0.245779142884783,2.50161097438702
"195","Brendan Haywood",4.05126209613598,2008,"WAS",0.125,20.1007450330047,0.0219692167223376,0.0251934821911076,0,1.22363858549425,0.409542807273327,1.13996181493583,1.42508454762147,0.328687794264971,0.925965982774516,2.06961465691445,0.687922386863359,2.08316785502177,1.74322610966142,1.26983443420393,12,6.66666666666667,0.833333333333333,1.5,0.666666666666667,17.0958704414356,0.133333333333333,0.0833333333333333,0.0333333333333333,0,5.24052897359002,1.62883966821621
"196","Antawn Jamison",3.6325379815586,2008,"WAS",0.125,20.1007450330047,0.0196985562215536,0.0225895730207642,-0.876946151720569,-0.346434996698885,-1.15349558224869,1.59911310150721,2.56515218571864,0.394425353117966,1.85193196554903,1.83965747281285,0.771808662065199,0.781187945633165,0,2.53966886840785,16.8333333333333,12,1,1.33333333333333,1.33333333333333,19.1805662153356,0.05,0,0.0666666666666667,-1.7421279416639,-1.4836918835252,-4.58769957159785
"197","Roger Mason",0.61527023133887,2008,"WAS",0.125,20.1007450330047,0.00333649236567012,0.00382616558695099,-0.981406355563791,0.196857022509065,0.0304808021081996,0.759974543290555,0.178135568452683,0.394425353117966,0.694474487080887,0.229957184101606,0.250540603508582,0,0,0,8,0.833333333333333,1,0.166666666666667,0.5,6.22629787850264,0,0,0,-1.94964700033146,0.843087936538648,0.121228693829186
"198","Dominic McGuire",0.570029784090305,2008,"WAS",0.125,20.1007450330047,0.00309116210398027,0.00354482995004872,0,0,-0.118095919747031,0.0316656059704398,0.21376268214322,0.131475117705989,0.462982991387258,0.459914368203212,0.0426690010673531,0.520791963755443,0,0,0.333333333333333,1,0.333333333333333,0.333333333333333,0.333333333333333,1.0603866483238,0.0333333333333333,0,0,0,0,-0.469692826542703
"199","Oleksiy Pecherov",0.296507990272543,2008,"WAS",0.125,20.1007450330047,0.00160790591761892,0.00184388681729015,0,-0.110185720688378,0.133336320801131,0.0633312119408796,0.0712542273810733,0,0.462982991387258,0.459914368203212,0.0337428422233781,0,0,0,0.666666666666667,0.333333333333333,0,0.333333333333333,0.333333333333333,0.838558636835373,0,0,0,0,-0.471897068782045,0.530307173457297
"200","Darius Songaila",0.880927150238372,2008,"WAS",0.125,20.1007450330047,0.00477709884498385,0.0054781996189191,0,-0.225800245303178,0.498415086114899,0.550981543885652,0.555782973572372,0.315540282494373,0.277789794832355,0,0.143505169106983,0.312475178253266,0.418374266318741,0,5.8,2.6,0.8,0,0.2,3.56631187700625,0.02,0.02,0,0,-0.967044306858857,1.98230380092972
"201","DeShawn Stevenson",2.39453584338812,2008,"WAS",0.125,20.1007450330047,0.0129851082562577,0.0148908401122469,0.712446670507068,-0.77836331544521,0.697665270594952,1.17162742090627,0.463152477976976,1.1832760593539,1.38894897416177,0,0.496019780683658,0.781187945633165,0.697290443864569,0.634917217101964,12.3333333333333,2.16666666666667,3,0,1,12.32681196148,0.05,0.0333333333333333,0.0166666666666667,1.41533576400398,-3.33352965076908,2.77476456111567
"202","Nick Young",0,2008,"WAS",0.125,20.1007450330047,0,0,-0.3520464954586,-0.53757130669841,0.0152404010540998,0.118746022389149,0.10688134107161,0.0986063382794914,0.694474487080887,0,0.00433556286707358,-0.390593972816583,-0.522967832898427,0,1.25,0.5,0.25,0,0.5,0.107745034151522,-0.025,-0.025,0,-0.699370235333112,-2.30227948147432,0.0606143469145932
